GENE_SYMBOL,NAME,COSMIC_GENE_ID,CHROMOSOME,GENOME_START,GENOME_STOP,CHR_BAND,SOMATIC,GERMLINE,TUMOUR_TYPES_SOMATIC,TUMOUR_TYPES_GERMLINE,CANCER_SYNDROME,TISSUE_TYPE,MOLECULAR_GENETICS,ROLE_IN_CANCER,MUTATION_TYPES,TRANSLOCATION_PARTNER,OTHER_GERMLINE_MUT,OTHER_SYNDROME,TIER,SYNONYMS
A1CF,APOBEC1 complementation factor,COSG68236,10,50799409.0,50885675.0,10q11.23,y,n,melanoma,,,E,,oncogene,Mis,,n,,2,"A1CF,ENSG00000148584.14,29974,ACF,ACF64,ACF65,APOBEC1CF,ASP"
ABL1,"ABL proto-oncogene 1, non-receptor tyrosine kinase",COSG106650,9,130713946.0,130887675.0,9q34.12,y,n,"CML, ALL, T-ALL",,,L,Dom,"oncogene, fusion","T, Mis","BCR, ETV6, NUP214",n,,1,"ABL1,ENSG00000097007.17,P00519,25,JTK7,c-ABL,p150"
ABL2,"ABL proto-oncogene 2, non-receptor tyrosine kinase",COSG93778,1,179099327.0,179229684.0,1q25.2,y,n,AML,,,L,Dom,"oncogene, fusion",T,ETV6,n,,1,"ABL2,ENSG00000143322.19,P42684,27,ARG"
ACKR3,atypical chemokine receptor 3,COSG97311,2,236567787.0,236582358.0,2q37.3,y,n,lipoma,,,M,Dom,"oncogene, fusion",T,HMGA2,n,,1,"ACKR3,ENSG00000144476.5,P25106,57007,GPR159,RDC1"
ACVR1,activin A receptor type 1,COSG104387,2,157736444.0,157875862.0,2q24.1,y,n,DIPG,,,O,Dom,oncogene,Mis,,y,Fibrodysplasia ossificans progressiva,1,"ACVR1,ENSG00000115170.13,Q04771,90,ACVR1A,ALK2,SKR1"
AFDN,"afadin, adherens junction formation factor",COSG74504,6,167826922.0,167972023.0,6q27,y,n,AL,,,L,Dom,"oncogene, fusion",T,KMT2A,n,,1,"AFDN,ENSG00000130396.20,4301,AF-6,AF6"
AFF3,AF4/FMR2 family member 3,COSG86784,2,99545419.0,100142739.0,2q11.2,y,n,"ALL, T-ALL",,,L,Dom,"oncogene, fusion",T,"KMT2A, RUNX1",n,,1,"AFF3,ENSG00000144218.18,P51826,3899,MLLT2-like"
AFF4,AF4/FMR2 family member 4,COSG73994,5,132875379.0,132963634.0,5q31.1,y,n,ALL,,,L,Dom,"oncogene, fusion",T,KMT2A,n,,1,"AFF4,ENSG00000072364.12,Q9UHB7,27125,AF5Q31,MCEF"
AKT1,AKT serine/threonine kinase 1,COSG100756,14,104769349.0,104795751.0,14q32.33,y,n,"breast, colorectal, ovarian, NSCLC",,,E,Dom,oncogene,Mis,,n,,1,"AKT1,ENSG00000142208.15,P31749,207,AKT,PKB,PRKBA,RAC"
AKT2,AKT serine/threonine kinase 2,COSG75261,19,40230317.0,40285536.0,19q13.2,y,n,"ovarian, pancreatic",,,E,Dom,oncogene,A,,n,,1,"AKT2,ENSG00000105221.16,P31751,208"
AKT3,AKT serine/threonine kinase 3,COSG82568,1,243488233.0,243851079.0,1q44,y,n,GBM,,,O,,oncogene,A,,n,,2,"AKT3,ENSG00000117020.16,Q9Y243,10000,PKBG,PRKBG,RAC-gamma"
ALK,ALK receptor tyrosine kinase,COSG59677,2,29192774.0,29921566.0,2p23.2,y,y,"ALCL, NSCLC, neuroblastoma, inflammatory myofibroblastic tumour, Spitzoid tumour",neuroblastoma,familial neuroblastoma,"L, E, M",Dom,"oncogene, fusion","T, Mis, A","NPM1, TPM3, TFG, TPM4, ATIC, CLTC, MSN, RNF213, CARS, EML4, KIF5B, C2orf22, DCTN1, HIP1, TPR, RANBP2, PPFIBP1, SEC31A, STRN, VCL, C2orf44, KLC1",n,,1,"ALK,ENSG00000171094.17,Q9UM73,238,CD246"
APOBEC3B,apolipoprotein B mRNA editing enzyme catalytic subunit 3B,COSG78257,22,38982347.0,38992804.0,22q13.1,n,y,,breast cancer,,E,Rec,"oncogene, TSG",D,,n,,1,"APOBEC3B,ENSG00000179750.15,Q9UH17,9582,FLJ21201,PHRBNL"
AR,androgen receptor,COSG86691,X,67544032.0,67730619.0,Xq12,y,y,prostate,,,E,Dom,oncogene,Mis,,y,"Androgen insensitivity, Hypospadias 1, X-linked, Spinal and bulbar muscular atrophy of Kennedy ",1,"AR,ENSG00000169083.16,P10275,367,AIS,HUMARA,NR3C4,SMAX1"
ARAF,"A-Raf proto-oncogene, serine/threonine kinase",COSG63174,X,47561100.0,47571920.0,Xp11.3,y,n,"cholangiocarcinoma, lung adenocarcinoma, Langerhans cell histiocytosis",,,"E, L",,oncogene,Mis,,n,,2,"ARAF,ENSG00000078061.12,369"
ARHGAP5,Rho GTPase activating protein 5,COSG113539,14,32076114.0,32159728.0,14q12,y,n,"colon cancer, glioma",,,"E, O",,oncogene,Mis,,n,,2,"ARHGAP5,ENSG00000100852.12,Q13017,394,RhoGAP5,p190-B,p190BRhoGAP"
ARNT,aryl hydrocarbon receptor nuclear translocator,COSG69731,1,150809705.0,150876768.0,1q21.3,y,n,AML,,,L,Dom,"oncogene, TSG, fusion",T,ETV6,n,,1,"ARNT,ENSG00000143437.20,P27540,405,HIF-1beta,bHLHe2"
ATF1,activating transcription factor 1,COSG90645,12,50763710.0,50821122.0,12q13.12,y,n,"malignant melanoma of soft parts, angiomatoid fibrous histiocytoma",,,"E, M",Dom,"oncogene, fusion",T,"EWSR1, FUS",n,,1,"ATF1,ENSG00000123268.8,P18846,466,TREB36"
ATP1A1,ATPase Na+/K+ transporting subunit alpha 1,COSG58843,1,116372668.0,116410261.0,1p13.1,y,n,adrenal aldosterone producing adenoma,,,E,Dom,"oncogene, TSG","Mis, O",,n,,1,"ATP1A1,ENSG00000163399.15,P05023,476"
BCL11A,"BCL11A, BAF complex component",COSG82877,2,60450520.0,60555154.0,2p16.1,y,n,B-CLL,,,L,Dom,"oncogene, fusion",T,IGH,n,,1,"BCL11A,ENSG00000119866.21,53335,BCL11A-L,BCL11A-S,BCL11A-XL,CTIP1,HBFQTL5,ZNF856"
BCL11B,"BCL11B, BAF complex component",COSG102032,14,99169287.0,99271524.0,14q32.2,y,n,T-ALL,,,L,Dom,"oncogene, TSG, fusion",T,TLX3,n,,1,"BCL11B,ENSG00000127152.17,Q9C0K0,64919,CTIP-2,CTIP2,hRIT1-alpha"
BCL2,"BCL2, apoptosis regulator",COSG84340,18,63123346.0,63320128.0,18q21.33,y,n,"NHL, CLL",,,L,Dom,"oncogene, fusion",T,IGH,n,,1,"BCL2,ENSG00000171791.12,P10415,596,Bcl-2,PPP1R50"
BCL2L12,BCL2 like 12,COSG58663,19,49665142.0,49673916.0,19q13.33,y,n,"melanoma, SCC",,,E,,oncogene,Mis,,n,,2,"BCL2L12,ENSG00000126453.9,Q9HB09,83596"
BCL3,"BCL3, transcription coactivator",COSG88188,19,44747705.0,44760044.0,19q13.32,y,n,CLL,,,L,Dom,"oncogene, fusion",T,IGH,n,,1,"BCL3,ENSG00000069399.14,P20749,602"
BCL6,"BCL6, transcription repressor",COSG113725,3,187721377.0,187745727.0,3q27.3,y,n,"NHL, CLL",,,L,Dom,"oncogene, fusion","T, Mis","IG loci, ZNFN1A1, LCP1, PIM1, TFRC, CIITA, NACA, HSPCB, HSP90AA1, HIST1H4I, IL21R,  POU2AF1, RHOH, EIF4A2, SRSF3",n,,1,"BCL6,ENSG00000113916.17,P41182,604,BCL5,BCL6A,LAZ3,ZBTB27"
BCL9,B cell CLL/lymphoma 9,COSG114870,1,147541412.0,147626216.0,1q21.2,y,n,B-ALL,,,L,Dom,"oncogene, fusion",T,"IGH, IGL",n,,1,"BCL9,ENSG00000116128.10,O00512,607"
BCL9L,B cell CLL/lymphoma 9 like,COSG105158,11,118893875.0,118925608.0,11q23.3,y,n,"colorectal cancer, endometrial carcinoma, gastric cancer",,,E,,"oncogene, TSG","Mis, F",,n,,1,"BCL9L,ENSG00000186174.12,Q86UU0,283149,DLNB11"
BCORL1,BCL6 corepressor like 1,COSG92901,X,129981107.0,130058083.0,Xq26.1,y,n,"AML, HNSCC",,,"E, L",,"oncogene, TSG","Mis, N, F",,n,,1,"BCORL1,ENSG00000085185.15,Q5H9F3,63035,FLJ11362"
BIRC3,baculoviral IAP repeat containing 3,COSG64326,11,102317450.0,102339403.0,11q22.2,y,n,"CLL, MALT, MCL, MM",,,L,Dom,"oncogene, TSG, fusion","D, F, N, T, Mis",MALT1,n,,1,"BIRC3,ENSG00000023445.13,Q13489,330,MALT2,MIHC,RNF49,c-IAP2,cIAP2,hiap-1"
BIRC6,baculoviral IAP repeat containing 6,COSG78096,2,32357028.0,32618899.0,2p22.3,y,n,"melanoma, gastric adenocarcinoma, lung adenocarcinoma",,,E,,"oncogene, fusion","T, Mis",ALK,n,,2,"BIRC6,ENSG00000115760.13,Q9NR09,57448,BRUCE"
BMPR1A,bone morphogenetic protein receptor type 1A,COSG95149,10,86756601.0,86932838.0,10q23.2,n,y,,gastrointestinal polyps,juvenile polyposis,E,Rec,"oncogene, TSG","Mis, N, F",,n,,1,"BMPR1A,ENSG00000107779.13,P36894,657,ALK3,CD292"
BRAF,"B-Raf proto-oncogene, serine/threonine kinase",COSG99109,7,140719327.0,140924928.0,7q34,y,n,"melanoma, colorectal, papillary thyroid, borderline ovarian, NSCLC, cholangiocarcinoma, pilocytic astrocytoma, Spitzoid tumour, pancreas acinar carcinoma, melanocytic nevus, prostate, gastric",,,"E, O",Dom,"oncogene, fusion","Mis, T, O","AKAP9, KIAA1549, CEP88, LSM14A, SND1, FCHSD1, SLC45A3, FAM131B, RNF130, CLCN6, MKRN1, GNAI1, AGTRAP",y,Cardio-facio-cutaneous syndrome,1,"BRAF,ENSG00000157764.13,673,BRAF1"
BRD3,bromodomain containing 3,COSG76553,9,134030305.0,134068535.0,9q34.2,y,n,lethal midline carcinoma of young people,,,E,Dom,"oncogene, fusion",T,NUTM1,n,,1,"BRD3,ENSG00000169925.16,Q15059,8019,KIAA0043,ORFX,RING3L"
BRD4,bromodomain containing 4,COSG97085,19,15235519.0,15332545.0,19p13.12,y,n,lethal midline carcinoma of young people,,,E,Dom,"oncogene, fusion",T,NUTM1,n,,1,"BRD4,ENSG00000141867.17,O60885,23476,CAP,HUNK1,HUNKI,MCAP"
BTK,Bruton tyrosine kinase,COSG96537,X,101349447.0,101390796.0,Xq22.1,y,n,"CLL, mantle cell lymphoma, WM",,,L,Dom,"oncogene, TSG",Mis,,y,agammaglobulinemia,1,"BTK,ENSG00000010671.15,Q06187,695,ATK,PSCTK1,XLA"
CACNA1D,calcium voltage-gated channel subunit alpha1 D,COSG88428,3,53328963.0,53813733.0,3p21.1,y,n,adrenal aldosterone producing adenoma,,,E,Dom,oncogene,Mis,,y,"Syndrome featuring primary aldosteronism, seizures and neuromuscular disease.",1,"CACNA1D,ENSG00000157388.16,Q01668,776,CACH3,CACN4,Cav1.3"
CALR,calreticulin,COSG80775,19,12938578.0,12944489.0,19p13.13,y,n,"MPN, MDS",,,L,Dom,oncogene,"F, Mis",,n,,1,"CALR,ENSG00000179218.13,P27797,811,CRT,FLJ26680,RO,SSA,cC1qR"
CARD11,caspase recruitment domain family member 11,COSG91032,7,2906141.0,3043945.0,7p22.2,y,n,DLBCL,,,L,Dom,oncogene,Mis,,n,,1,"CARD11,ENSG00000198286.9,Q9BXL7,84433,BIMP3,CARMA1"
CBL,Cbl proto-oncogene,COSG108842,11,119206276.0,119313926.0,11q23.3,y,n,"AML, JMML, MDS",,,L,Dom/Rec,"oncogene, TSG, fusion","T, Mis, S, O",KMT2A,n,,1,"CBL,ENSG00000110395.6,P22681,867,RNF55,c-Cbl"
CCND1,cyclin D1,COSG100191,11,69641087.0,69654474.0,11q13.3,y,n,"CLL, B-ALL, breast",,,"L, E",Dom,"oncogene, fusion",T,"IGH, FSTL3",n,,1,"CCND1,ENSG00000110092.3,P24385,595,U21B31"
CCND2,cyclin D2,COSG114253,12,4273772.0,4305350.0,12p13.32,y,n,"NHL,CLL",,,L,Dom,"oncogene, fusion",T,IGL,n,,1,"CCND2,ENSG00000118971.7,P30279,894"
CCND3,cyclin D3,COSG73334,6,41934933.0,42050357.0,6p21.1,y,n,MM,,,L,Dom,"oncogene, fusion",T,IGH,n,,1,"CCND3,ENSG00000112576.12,P30281,896"
CCNE1,cyclin E1,COSG84408,19,29811898.0,29824308.0,19q12,y,n,serous ovarian,,,E,Dom,oncogene,A,,n,,1,"CCNE1,ENSG00000105173.13,P24864,898"
CCR4,C-C motif chemokine receptor 4,COSG64803,3,32951574.0,32956349.0,3p22.3,y,n,adult T-cell leukaemia/lymphoma,,,L,,oncogene,N,,n,,2,"CCR4,ENSG00000183813.6,P51679,1233,CC-CKR-4,CD194,CKR4,CMKBR4,ChemR13,k5-5"
CCR7,C-C motif chemokine receptor 7,COSG64716,17,40553769.0,40565472.0,17q21.2,y,n,adult T-cell leukaemia/lymphoma,,,L,,oncogene,N,,n,,2,"CCR7,ENSG00000126353.3,P32248,1236,BLR2,CD197,CDw197"
CD28,CD28 molecule,COSG113949,2,203706475.0,203738912.0,2q33.2,y,n,T-cell lymphoma,,,L,,oncogene,Mis,,n,,2,"CD28,ENSG00000178562.17,P10747,940"
CD74,CD74 molecule,COSG107983,5,150401637.0,150412929.0,5q33.1,y,n,NSCLC,,,E,Dom,"oncogene, fusion",T,"ROS1, NRG1",n,,1,"CD74,ENSG00000019582.14,P04233,972"
CD79A,CD79a molecule,COSG64986,19,41877120.0,41881372.0,19q13.2,y,n,"DLBCL, WM",,,L,Dom,oncogene,S,,y,Agammaglobulinaemia,1,"CD79A,ENSG00000105369.9,P11912,973,MB-1"
CD79B,CD79b molecule,COSG93491,17,63928740.0,63932354.0,17q23.3,y,n,"DLBCL, WM",,,L,Dom,oncogene,"Mis, S",,y,Agammaglobulinaemia,1,"CD79B,ENSG00000007312.12,P40259,974,B29"
CDH17,cadherin 17,COSG84364,8,94127171.0,94217303.0,8q22.1,y,n,melanoma,,,E,,oncogene,Mis,,n,,2,"CDH17,ENSG00000079112.9,Q12864,1015,HPT-1,cadherin"
CDK4,cyclin dependent kinase 4,COSG58322,12,57747727.0,57756013.0,12q14.1,n,y,,melanoma,familial malignant melanoma,E,Dom,oncogene,Mis,,n,,1,"CDK4,ENSG00000135446.16,P11802,1019,PSK-J3"
CDK6,cyclin dependent kinase 6,COSG96889,7,92604921.0,92836594.0,7q21.2,y,n,ALL,,,L,Dom,"oncogene, fusion",T,MLLT10,n,,1,"CDK6,ENSG00000105810.9,Q00534,1021,PLSTIRE"
CDKN1A,cyclin dependent kinase inhibitor 1A,COSG75563,6,36676460.0,36687339.0,6p21.2,y,n,bladder cancer,,,E,,"oncogene, TSG","F, N",,n,,2,"CDKN1A,ENSG00000124762.13,P38936,1026,CAP20,CIP1,P21,SDI1,WAF1,p21,p21CIP1,p21Cip1/Waf1"
CHD4,chromodomain helicase DNA binding protein 4,COSG85372,12,6570082.0,6614524.0,12p13.31,y,n,uterine serous carcinoma,,,E,Dom,oncogene,"Mis, F, N",,n,,1,"CHD4,ENSG00000111642.15,1108,Mi-2b,Mi2-BETA"
CHST11,carbohydrate sulfotransferase 11,COSG107468,12,104455295.0,104762014.0,12q23.3,y,n,B-CLL,,,L,,"oncogene, fusion",T,,n,,2,"CHST11,ENSG00000171310.10,Q9NPF2,50515,C4ST,C4ST1,C4St-1,HSA269537"
CIC,capicua transcriptional repressor,COSG71296,19,42268537.0,42295797.0,19q13.2,y,n,"oligodendroglioma, soft tissue sarcoma",,,"O, M",Rec,"oncogene, TSG, fusion","Mis, F, S,T","DUX4L1, FOXO4",n,,1,"CIC,ENSG00000079432.7,Q96RK0,23152,KIAA0306"
CREB1,cAMP responsive element binding protein 1,COSG102379,2,207529737.0,207603431.0,2q33.3,y,n,"clear cell sarcoma, angiomatoid fibrous histiocytoma",,,M,Dom,"oncogene, fusion",T,EWSR1,n,,1,"CREB1,ENSG00000118260.14,P16220,1385"
CREB3L2,cAMP responsive element binding protein 3 like 2,COSG70393,7,137874979.0,138002067.0,7q33,y,n,fibromyxoid sarcoma,,,M,Dom,"oncogene, fusion",T,FUS,n,,1,"CREB3L2,ENSG00000182158.14,Q70SY1,64764,BBF2H7,TCAG_1951439"
CREBBP,CREB binding protein,COSG105038,16,3725054.0,3880726.0,16p13.3,y,n,"ALL, AML, DLBCL, B-NHL",,,L,Dom/Rec,"oncogene, TSG, fusion","T, N, F, Mis, O","KMT2A, MORF, KAT6A",y,Rubinstein-Taybi syndrome,1,"CREBBP,ENSG00000005339.14,Q92793,1387,CBP,KAT3A,RTS"
CRLF2,cytokine receptor like factor 2,COSG87150,X,1187549.0,1212750.0,Xp22.33,y,n,"B-ALL, Downs associated ALL",,,L,Dom,"oncogene, fusion","Mis, T","P2RY8, IGH",n,,1,"CRLF2,ENSG00000205755.11,Q9HC73,64109,CRL2,TSLPR"
CRTC1,CREB regulated transcription coactivator 1,COSG85402,19,18683677.0,18782333.0,19p13.11,y,n,salivary gland mucoepidermoid,,,E,Dom,"oncogene, fusion",T,MAML2,n,,1,"CRTC1,ENSG00000105662.15,Q6UUV9,23373,FLJ14027,KIAA0616,TORC1"
CSF1R,colony stimulating factor 1 receptor,COSG99554,5,150053291.0,150113372.0,5q32,y,n,"MDS, CML, AML, hemangioblastoma, CCRCC",,,"L, M, E",,oncogene,"Mis, N",,y,diffuse leukoencephalopathy with spheroids,2,"CSF1R,ENSG00000182578.13,P07333,1436,C-FMS,CD115,CSFR"
CSF3R,colony stimulating factor 3 receptor,COSG99846,1,36466043.0,36483278.0,1p34.3,y,n,"aCML, CNL,  leukaemia lymphoma and MDS associated with severe congenital neutropenia, CMML, de novo AML, MDS",,,L,Dom,oncogene,"Mis, N",,y,"Kostmann syndrome, severe congenital neutropenia",1,"CSF3R,ENSG00000119535.17,Q99062,1441,GCSFR"
CTNNA2,catenin alpha 2,COSG58363,2,79185231.0,80648861.0,2p12,y,n,gastric cancer,,,E,,oncogene,"Mis, S",,n,,2,"CTNNA2,ENSG00000066032.18,P26232,1496,CAP-R,CT114"
CTNNB1,catenin beta 1,COSG100985,3,41194741.0,41260096.0,3p22.1,y,n,"colorectal, ovarian,  hepatoblastoma, pleomorphic salivary gland adenoma, other tumour types",,,"E, M, O",Dom,"oncogene, fusion","Mis, O, T",PLAG1,n,,1,"CTNNB1,ENSG00000168036.17,1499,armadillo,beta-catenin"
CTNND2,catenin delta 2,COSG98798,5,10971840.0,11904043.0,5p15.2,y,n,"prostae adenocarcinoma, GIST",,,E,,oncogene,Mis,,n,,2,"CTNND2,ENSG00000169862.18,Q9UQB3,1501,GT24,NPRAP"
CUX1,cut like homeobox 1,COSG83270,7,101815904.0,102283958.0,7q22.1,y,n,"endometrial, melanoma, colorectal, AML, MDS, other tumour types",,,"E,L,M,O",Dom,"oncogene, TSG","N,F,S,Mis,O,T",CLDN7,n,,1,"CUX1,ENSG00000257923.10,P39880,1523,CASP,CDP,CDP/Cut,CDP/Cux,CDP1,CUT,CUX,Clox,Cux/CDP,GOLIM6"
CXCR4,C-X-C motif chemokine receptor 4,COSG106895,2,136114349.0,136118165.0,2q22.1,y,y,WM,,,L,Dom,oncogene,"Mis, N, F",,n,,1,"CXCR4,ENSG00000121966.6,P61073,7852,CD184,D2S201E,HM89,HSY3RR,LESTR,NPY3R,NPYR,NPYY3R,fusin"
CYSLTR2,cysteinyl leukotriene receptor 2,COSG61204,13,48653711.0,48711226.0,13q14.2,y,n,uveal melanoma,,,E,,oncogene,Mis,,n,,2,"CYSLTR2,ENSG00000152207.7,Q9NS75,57105,CYSLT2R,CysLT(2)"
DAXX,death domain associated protein,COSG105937,6,33318558.0,33323016.0,6p21.32,y,n,"pancreatic neuroendocrine tumour, paediatric glioblastoma",,,E,Rec,"oncogene, TSG","Mis, F, N",,n,,1,"DAXX,ENSG00000204209.12,Q9UER7,1616,DAP6"
DDB2,damage specific DNA binding protein 2,COSG102518,11,47214465.0,47239240.0,11p11.2,n,y,,"skin basal cell, skin squamous cell, melanoma",xeroderma pigmentosum (E),E,Rec,"oncogene, TSG","Mis, N",,n,,1,"DDB2,ENSG00000134574.11,Q92466,1643,DDBB,FLJ34321,UV-DDB2,XPE"
DDIT3,DNA damage inducible transcript 3,COSG112333,12,57516588.0,57521737.0,12q13.3,y,n,liposarcoma,,,M,Dom,"oncogene, fusion",T,"FUS, EWSR1",n,,1,"DDIT3,ENSG00000175197.12,P35638,1649,CHOP,CHOP10,GADD153"
DDR2,discoidin domain receptor tyrosine kinase 2,COSG97097,1,162631373.0,162787400.0,1q23.3,y,n,"squamous cell carcinoma, NSCLC",,,E,Dom,oncogene,"Mis, N",,y,"Spondylometaepiphyseal dysplasia, short limb-hand type",1,"DDR2,ENSG00000162733.16,Q16832,4921,TKT"
DDX5,DEAD-box helicase 5,COSG107505,17,64499616.0,64508199.0,17q23.3,y,n,prostate,,,E,Dom,"oncogene, fusion",T,ETV4,n,,1,"DDX5,ENSG00000108654.14,P17844,1655,p68"
DDX6,DEAD-box helicase 6,COSG88326,11,118747766.0,118791149.0,11q23.3,y,n,B-NHL,,,L,Dom,"oncogene, fusion",T,IGH,n,,1,"DDX6,ENSG00000110367.11,P26196,1656,RCK"
DEK,DEK proto-oncogene,COSG88864,6,18223868.0,18264823.0,6p22.3,y,n,AML,,,L,Dom,"oncogene, fusion",T,NUP214,n,,1,"DEK,ENSG00000124795.14,P35659,7913,D6S231E"
DGCR8,"DGCR8, microprocessor complex subunit",COSG115698,22,20080232.0,20111877.0,22q11.21,y,n,Wilms tumour,,,O,,oncogene,Mis,,n,,2,"DGCR8,ENSG00000128191.15,Q8WYQ5,54487,DGCRK6,Gy1,pasha"
EGFR,epidermal growth factor receptor,COSG73399,7,55019021.0,55211628.0,7p11.2,y,y,"glioma, NSCLC",NSCLC,familial lung cancer,"E, O",Dom,oncogene,"A, O, Mis",,n,,1,"EGFR,ENSG00000146648.17,P00533,1956,ERBB1"
ELF4,E74 like ETS transcription factor 4,COSG89309,X,130064874.0,130110716.0,Xq26.1,y,n,AML,,,L,Dom,"oncogene, TSG, fusion",T,ERG,n,,1,"ELF4,ENSG00000102034.16,Q99607,2000,ELFR,MEF"
ELK4,"ELK4, ETS transcription factor",COSG106299,1,205597556.0,205631962.0,1q32.1,y,n,prostate,,,E,Dom,"oncogene, fusion",T,SLC45A3,n,,1,"ELK4,ENSG00000158711.13,P28324,2005,SAP1"
EPAS1,endothelial PAS domain protein 1,COSG87984,2,46293667.0,46386703.0,2p21,y,n,"paraganglioma, pheochromocytoma, central nervous system hemangioblastomas",,,"E, M",Dom,"oncogene, TSG",Mis,,y,type 3 familial erythrocytosis,1,"EPAS1,ENSG00000116016.13,Q99814,2034,HIF2A,HLF,MOP2,PASD2,bHLHe73"
ERBB2,erb-b2 receptor tyrosine kinase 2,COSG89395,17,39687914.0,39730426.0,17q12,y,n,"breast, ovarian, other tumour types, NSCLC, gastric",,,E,Dom,"oncogene, fusion","A, Mis, O, T",,n,,1,"ERBB2,ENSG00000141736.13,P04626,2064,CD340,HER-2,HER2,NEU"
ERBB3,erb-b2 receptor tyrosine kinase 3,COSG83414,12,56076799.0,56103505.0,12q13.2,y,n,"colon, gastric, head and neck, bladder, skin",,,E,Dom,oncogene,"Mis, N",,n,,1,"ERBB3,ENSG00000065361.15,P21860,2065,HER3"
ERBB4,erb-b2 receptor tyrosine kinase 4,COSG86121,2,211375717.0,212538841.0,2q34,y,y,"melanoma, gastric, NSCLC",,,E,Dom,"oncogene, TSG","Mis, N",,y,Amyotrophic lateral sclerosis 19,1,"ERBB4,ENSG00000178568.14,Q15303,2066,ALS19,HER4"
ERG,ETS transcription factor ERG,COSG60964,21,38380027.0,38661780.0,21q22.2,y,n,"Ewing sarcoma, prostate, AML",,,"M, E, L",Dom,"oncogene, fusion","T, A","EWSR1, TMPRSS2, ELF4, FUS, HERPUD1, NDRG1",n,,1,"ERG,ENSG00000157554.18,P11308,2078,erg-3,p55"
ESR1,estrogen receptor 1,COSG61326,6,151656691.0,152129619.0,6q25.2,y,n,breast,,,E,Dom,"oncogene, TSG, fusion","Mis, T",,n,,1,"ESR1,ENSG00000091831.23,P03372,2099,ER-alpha,Era,NR3A1"
ETV1,ETS variant 1,COSG94966,7,13891228.0,13991425.0,7p21.2,y,n,"Ewing sarcoma, prostate",,,"M, E",Dom,"oncogene, fusion",T,"EWSR1, TMPRSS2, SLC45A3, HMGN2P46, HNRNPA2B1. ACSL3",n,,1,"ETV1,ENSG00000006468.13,P50549,2115,ER81"
ETV4,ETS variant 4,COSG95406,17,43527844.0,43579620.0,17q21.31,y,n,"Ewing sarcoma, prostate carcinoma",,,"M, E",Dom,"oncogene, fusion",T,"EWSR1, TMPRSS2, DDX5, KLK2, CANT1",n,,1,"ETV4,ENSG00000175832.12,P43268,2118,E1A-F,E1AF,PEA3"
ETV5,ETS variant 5,COSG94466,3,186046308.0,186110318.0,3q27.2,y,n,prostate,,,E,Dom,"oncogene, fusion",T,"TMPRSS2, SCL45A3",n,,1,"ETV5,ENSG00000244405.7,P41161,2119,ERM"
EWSR1,EWS RNA binding protein 1,COSG80325,22,29268009.0,29300525.0,22q12.2,y,n,"Ewing sarcoma, desmoplastic small round cell tumour , ALL, clear cell sarcoma, sarcoma, myoepithelioma, mesothelioma",,,"L, M, E",Dom,"oncogene, fusion",T,"FLI1, ERG, NR4A3, FEV, ATF1, ETV1, ETV4, WT1, ZNF384, CREB1, POU5F1,  PBX1, NFATC1, NFATC2, DDIT3, PATZ1, SMARCA5, SP3, ZNF444, YY1",n,,1,"EWSR1,ENSG00000182944.17,Q01844,2130,EWS"
EZH2,enhancer of zeste 2 polycomb repressive complex 2 subunit,COSG109206,7,148807383.0,148884321.0,7q36.1,y,n,DLBCL,,,L,Dom,"oncogene, TSG",Mis,,n,,1,"EZH2,ENSG00000106462.10,Q15910,2146,ENX-1,EZH1,KMT6,KMT6A"
FCGR2B,Fc fragment of IgG receptor IIb,COSG76068,1,161663147.0,161678654.0,1q23.3,y,n,ALL,,,L,Dom,"oncogene, fusion",T,?,n,,1,"FCGR2B,ENSG00000072694.20,P31994,2213,CD32,CD32B"
FCRL4,Fc receptor like 4,COSG68560,1,157573749.0,157598080.0,1q23.1,y,n,B-NHL,,,L,Dom,"oncogene, fusion",T,IGH,n,,1,"FCRL4,ENSG00000163518.10,Q96PJ5,83417,CD307d,FCRH4,IGFP2,IRTA1"
FES,"FES proto-oncogene, tyrosine kinase",COSG94613,15,90883695.0,90895776.0,15q26.1,y,n,"HNSCC, ovarian carcinoma",,,E,,"oncogene, TSG","Mis, F",,n,,1,"FES,ENSG00000182511.11,P07332,2242,FPS"
FEV,"FEV, ETS transcription factor",COSG106712,2,218981087.0,218985657.0,2q35,y,n,Ewing sarcoma,,,M,Dom,"oncogene, fusion",T,"EWSR1,  FUS",n,,1,"FEV,ENSG00000163497.2,Q99581,54738,Pet-1"
FGFR1,fibroblast growth factor receptor 1,COSG114519,8,38411138.0,38468834.0,8p11.23,y,n,"MPN, NHL, salivary adenoma",,,L,Dom,"oncogene, fusion",T,"BCR, FOP, ZMYM2, CNTRL, PLAG1",y,"Pfeiffer syndrome, Kallman syndrome",1,"FGFR1,ENSG00000077782.19,P11362,2260,BFGFR,CD331,CEK,FLG,H2,H3,H4,H5,N-SAM"
FGFR2,fibroblast growth factor receptor 2,COSG61759,10,121478334.0,121598458.0,10q26.13,y,n,"gastric, NSCLC, endometrial",,,E,Dom,"oncogene, fusion","Mis, T",,y,"Crouzon, Pfeiffer, and Apert syndromes",1,"FGFR2,ENSG00000066468.22,P21802,2263,CD332,CEK3,ECT1,K-SAM,TK14,TK25"
FGFR3,fibroblast growth factor receptor 3,COSG66931,4,1793293.0,1808872.0,4p16.3,y,n,"bladder, MM, T-cell lymphoma",,,"L, E",Dom,"oncogene, fusion","Mis, T","IGH, ETV6",y,"Hypochondroplasia, Thanatophoric dysplasia",1,"FGFR3,ENSG00000068078.18,P22607,2261,CD333,CEK2,JTK4"
FGFR4,fibroblast growth factor receptor 4,COSG98910,5,177086886.0,177098144.0,5q35.2,y,n,rhabdomyosarcoma,,,M,Dom,oncogene,Mis,,n,,1,"FGFR4,ENSG00000160867.14,P22455,2264,CD334,JTK2"
FLI1,"Fli-1 proto-oncogene, ETS transcription factor",COSG104312,11,128686535.0,128813267.0,11q24.3,y,n,Ewing sarcoma,,,M,Dom,"oncogene, fusion",T,EWSR1,n,,1,"FLI1,ENSG00000151702.16,Q01543,2313,EWSR2,SIC-1"
FLT3,fms related tyrosine kinase 3,COSG64752,13,28003274.0,28100592.0,13q12.2,y,n,"AML, ALL",,,L,Dom,oncogene,"Mis, O",,n,,1,"FLT3,ENSG00000122025.14,P36888,2322,CD135,FLK2,STK1"
FLT4,fms related tyrosine kinase 4,COSG95485,5,180601506.0,180649624.0,5q35.3,y,n,soft tissue sarcoma,,,M,Dom,oncogene,A,,n,,1,"FLT4,ENSG00000037280.15,P35916,2324,PCL,VEGFR3"
FOXA1,forkhead box A1,COSG106486,14,37589984.0,37596059.0,14q21.1,y,n,"breast, prostate",,,E,Dom,oncogene,"Mis, F",,n,,1,"FOXA1,ENSG00000129514.5,P55317,3169"
FOXL2,forkhead box L2,COSG66822,3,138944224.0,138947140.0,3q22.3,y,n,granulosa-cell tumour of the ovary,,,O,Dom,"oncogene, TSG",Mis,,y,"Blepharophimosis, ptosis and epicanthus inversus Types I, II; Premature ovarian failure type III",1,"FOXL2,ENSG00000183770.5,P58012,668,BPES1"
FOXO1,forkhead box O1,COSG102574,13,40469953.0,40666597.0,13q14.11,y,n,alveolar rhabdomyosarcoma,,,M,Dom,"oncogene, TSG, fusion",T,"PAX3, PAX7",n,,1,"FOXO1,ENSG00000150907.7,Q12778,2308,FKH1"
FOXO3,forkhead box O3,COSG76666,6,108559835.0,108684774.0,6q21,y,n,AL,,,L,Dom,"oncogene, TSG, fusion",T,KMT2A,n,,1,"FOXO3,ENSG00000118689.14,O43524,2309,AF6q21,FOXO2"
FOXO4,forkhead box O4,COSG58773,X,71096197.0,71103535.0,Xq13.1,y,n,"AL, soft tissue sarcoma",,,"L, M",Dom,"oncogene, TSG, fusion",T,"KMT2A, CIC",n,,1,"FOXO4,ENSG00000184481.16,P98177,4303,AFX1"
FOXP1,forkhead box P1,COSG71217,3,70952817.0,71583993.0,3p13,y,n,ALL,,,L,Dom,"oncogene, fusion",T,PAX5,n,,1,"FOXP1,ENSG00000114861.19,Q9H334,27086,12CC4,HSPC215,QRF1,hFKH1B"
FOXR1,forkhead box R1,COSG107615,11,118971707.0,118981291.0,11q23.3,y,n,neuroblastoma,,,O,,"oncogene, fusion",T,,n,,2,"FOXR1,ENSG00000176302.12,Q6PIV2,283150,DLNB13,FOXN5"
FSTL3,follistatin like 3,COSG114579,19,676365.0,683399.0,19p13.3,y,n,B-CLL,,,L,Dom,"oncogene, fusion",T,CCND1,n,,1,"FSTL3,ENSG00000070404.9,O95633,10272,FLRG,FSRP"
FUBP1,far upstream element binding protein 1,COSG70617,1,77944055.0,77979110.0,1p31.1,y,n,oligodendroglioma,,,O,Rec,oncogene,"F, N",,n,,1,"FUBP1,ENSG00000162613.16,Q96AE4,8880,FBP"
GATA1,GATA binding protein 1,COSG87468,X,48786554.0,48794311.0,Xp11.23,y,n,megakaryoblastic leukaemia of Downs syndrome,,,L,Dom,"oncogene, TSG","Mis, F",,n,,1,"GATA1,ENSG00000102145.13,P15976,2623,ERYF1,GATA-1,NF-E1,NFE1"
GATA2,GATA binding protein 2,COSG113001,3,128479427.0,128493185.0,3q21.3,y,n,AML (CML blast transformation),,,L,Dom,oncogene,Mis,,n,,1,"GATA2,ENSG00000179348.11,P23769,2624,NFE1B"
GATA3,GATA binding protein 3,COSG76073,10,8045378.0,8075203.0,10p14,y,n,breast,,,E,Rec,"oncogene, TSG","F, N, S",,y,"HDR syndrome (hypoparathyroidism, sensorineural deafness, and renal disease)",1,"GATA3,ENSG00000107485.16,P23771,2625,HDR"
GLI1,GLI family zinc finger 1,COSG60145,12,57460135.0,57472262.0,12q13.3,y,n,"CRC, oesophagus cancer",,,E,,"oncogene, fusion","T, F",,y,IBD,2,"GLI1,ENSG00000111087.9,P08151,2735"
GNA11,G protein subunit alpha 11,COSG111894,19,3094410.0,3124004.0,19p13.3,y,n,"uveal melanoma, primary central nervous system melanocytic neoplasms",,,"E, O",Dom,oncogene,Mis,,n,,1,"GNA11,ENSG00000088256.8,P29992,2767,FBH,FBH2,FHH2"
GNAQ,G protein subunit alpha q,COSG98291,9,77716087.0,78031458.0,9q21.2,y,n,"uveal melanoma, primary central nervous system melanocytic neoplasms",,,"E, O",Dom,oncogene,Mis,,n,,1,"GNAQ,ENSG00000156052.10,P50148,2776,G-ALPHA-q,GAQ"
GNAS,GNAS complex locus,COSG82860,20,58839718.0,58911192.0,20q13.32,y,n,"pituitary adenoma, pancreatic intraductal papillary mucinous neoplasm, fibrous dysplasia",,,"E, M",Dom,oncogene,Mis,,y,"McCune-Albright syndrome; pseudohypoparathyroidism, type IA",1,"GNAS,ENSG00000087460.24,Q5JWF2,2778,GNASXL,GPSA,NESP,NESP55,SCG6,SgVI"
GPC3,glypican 3,COSG62939,X,133535745.0,133985895.0,Xq26.2,n,y,,Wilms tumour,Simpson-Golabi-Behmel syndrome,O,Rec/X,"oncogene, TSG","D, Mis, N, F, S",,n,,1,"GPC3,ENSG00000147257.13,P51654,2719,DGSX,OCI-5,SGB,SGBS,SGBS1"
GRM3,glutamate metabotropic receptor 3,COSG74476,7,86643914.0,86864884.0,7q21.12,y,n,"melanoma, oral SCC",,,E,,oncogene,"Mis, A",,n,,2,"GRM3,ENSG00000198822.10,Q14832,2913,GPRC1C,MGLUR3,mGlu3"
H3F3A,H3 histone family member 3A,COSG83297,1,226061851.0,226072001.0,1q42.12,y,n,glioma,,,O,Dom,oncogene,Mis,,n,,1,"H3F3A,ENSG00000163041.9,P84243,3020,H3.3A"
H3F3B,H3 histone family member 3B,COSG91461,17,75776434.0,75785893.0,17q25.1,y,n,chondroblastoma,,,M,Dom,oncogene,Mis,,n,,1,"H3F3B,ENSG00000132475.10,P84243,3021,H3.3B"
HEY1,hes related family bHLH transcription factor with YRPW motif 1,COSG65409,8,79764010.0,79767863.0,8q21.13,y,n,mesenchymal chondrosarcoma,,,M,Dom,"oncogene, fusion",T,NCOA2,n,,1,"HEY1,ENSG00000164683.16,Q9Y5J3,23462,CHF-2,CHF2,HERP2,HESR-1,HESR1,HRT-1,bHLHb31"
HGF,hepatocyte growth factor,COSG65657,7,81699008.0,81770438.0,7q21.11,y,y,"breast cancer, lung cancer, multiple myeloma",bladder cancer,,"E, M",,"oncogene, fusion","A, F, Mis, N, T",CACNA2D1,n,,1,"HGF,ENSG00000019991.16,P14210,3082,F-TCF,HGFB,HPTA,SF"
HIF1A,hypoxia inducible factor 1 subunit alpha,COSG84346,14,61695513.0,61748259.0,14q23.2,y,n,"endometrioid carcinoma, glioblastoma, colorectal, renal, lung, pancreatic",,,"E, O",Dom,oncogene,"Mis, F, N",,n,,1,"HIF1A,ENSG00000100644.16,Q16665,3091,HIF-1alpha,HIF1,MOP1,PASD8,bHLHe78"
HIP1,huntingtin interacting protein 1,COSG87160,7,75533300.0,75738962.0,7q11.23,y,n,"CMML, NSCLC",,,"L, E",Dom,"oncogene, fusion",T,"PDGFRB, ALK",n,,1,"HIP1,ENSG00000127946.16,O00291,3092,ILWEQ"
HIST1H3B,histone cluster 1 H3 family member b,COSG99727,6,26031650.0,26032060.0,6p22.2,y,n,glioma,,,O,Dom,oncogene,Mis,,n,,1,"HIST1H3B,ENSG00000274267.1,P68431,8358,H3/l"
HLF,"HLF, PAR bZIP transcription factor",COSG74351,17,55265012.0,55325065.0,17q22,y,n,ALL,,,L,Dom,"oncogene, fusion",T,TCF3,n,,1,"HLF,ENSG00000108924.13,Q16534,3131,MGC33822"
HMGA1,high mobility group AT-hook 1,COSG100629,6,34236873.0,34246231.0,6p21.31,y,n,"microfollicular thyroid adenoma, various benign mesenchymal tumours",,,"E, M",Dom,"oncogene, fusion",T,?,n,,1,"HMGA1,ENSG00000137309.19,P17096,3159"
HMGA2,high mobility group AT-hook 2,COSG69442,12,65824131.0,65966295.0,12q14.3,y,n,"lipoma, leiomyoma, pleomorphic salivary gland adenoma",,,M,Dom,"oncogene, fusion",T,"LHFP, RAD51B, LPP, COX6C, ACKR3, NFIB, ALDH2, CCNB1IP1, EBF1, WIF1, FHIT",n,,1,"HMGA2,ENSG00000149948.13,8091,BABL,LIPO"
HNRNPA2B1,heterogeneous nuclear ribonucleoprotein A2/B1,COSG88183,7,26189927.0,26201529.0,7p15.2,y,n,prostate,,,E,Dom,"oncogene, fusion",T,ETV1,n,,1,"HNRNPA2B1,ENSG00000122566.20,P22626,3181"
HOXA11,homeobox A11,COSG65276,7,27181510.0,27185223.0,7p15.2,y,n,CML,,,L,Dom,"oncogene, TSG, fusion",T,NUP98,n,,1,"HOXA11,ENSG00000005073.5,P31270,3207"
HOXA13,homeobox A13,COSG98272,7,27193503.0,27200106.0,7p15.2,y,n,AML,,,L,Dom,"oncogene, fusion",T,NUP98,n,,1,"HOXA13,ENSG00000106031.7,P31271,3209"
HOXA9,homeobox A9,COSG109289,7,27162435.0,27175180.0,7p15.2,y,n,AML*,,,L,Dom,"oncogene, TSG, fusion",T,"NUP98, MSI2",n,,1,"HOXA9,ENSG00000078399.17,P31269,3205"
HOXC11,homeobox C11,COSG63604,12,53973126.0,53977643.0,12q13.13,y,n,AML,,,L,Dom,"oncogene, fusion",T,NUP98,n,,1,"HOXC11,ENSG00000123388.4,O43248,3227"
HOXC13,homeobox C13,COSG58815,12,53938765.0,53946544.0,12q13.13,y,n,AML,,,L,Dom,"oncogene, fusion",T,NUP98,n,,1,"HOXC13,ENSG00000123364.4,P31276,3229"
HOXD11,homeobox D11,COSG102737,2,176104216.0,176109754.0,2q31.1,y,n,AML,,,L,Dom,"oncogene, fusion",T,NUP98,n,,1,"HOXD11,ENSG00000128713.13,P31277,3237"
HOXD13,homeobox D13,COSG60623,2,176092891.0,176095938.0,2q31.1,y,n,AML*,,,L,Dom,"oncogene, fusion",T,NUP98,n,,1,"HOXD13,ENSG00000128714.5,P35453,3239"
HRAS,"HRas proto-oncogene, GTPase",COSG113788,11,532242.0,537287.0,11p15.5,y,y,"infrequent sarcomas, rare other tumour types","rhabdomyosarcoma, ganglioneuroblastoma, bladder",Costello syndrome,"E, L, M",Dom,oncogene,Mis,,n,,1,"HRAS,ENSG00000174775.16,P01112,3265"
IDH1,"isocitrate dehydrogenase (NADP(+)) 1, cytosolic",COSG108257,2,208236227.0,208266074.0,2q34,y,n,glioblastoma,,,O,Dom,oncogene,Mis,,n,,1,"IDH1,ENSG00000138413.13,O75874,3417"
IDH2,"isocitrate dehydrogenase (NADP(+)) 2, mitochondrial",COSG106830,15,90083045.0,90102504.0,15q26.1,y,n,glioblastoma,,,O,Dom,oncogene,Mis,,n,,1,"IDH2,ENSG00000182054.9,P48735,3418"
IKBKB,inhibitor of nuclear factor kappa B kinase subunit beta,COSG112543,8,42271302.0,42332653.0,8p11.21,y,n,SMZL,,,L,Dom,oncogene,Mis,,y,Immunodeficiency 15,1,"IKBKB,ENSG00000104365.13,O14920,3551,IKK-beta,IKK2,IKKB,NFKBIKB"
IKZF3,IKAROS family zinc finger 3,COSG116030,17,39757715.0,39864188.0,17q21.1,y,n,"B-ALL, CLL, breast cancer, colorectal cancer",,,"L, E",,"oncogene, TSG, fusion","D, Mis, F, N, T","NAGLU, VAPB",n,,1,"IKZF3,ENSG00000161405.16,Q9UKT9,22806,Aiolos"
IL6ST,interleukin 6 signal transducer,COSG71872,5,55935095.0,55994993.0,5q11.2,y,n,hepatocellular carcinoma,,,E,Dom,oncogene,O,,n,,1,"IL6ST,ENSG00000134352.19,P40189,3572,CD130,GP130"
IL7R,interleukin 7 receptor,COSG64472,5,35852695.0,35879603.0,5p13.2,y,n,"ALL, ETP ALL",,,L,Dom,oncogene,"Mis, O",,y,Severe combined immune deficiency,1,"IL7R,ENSG00000168685.14,P16871,3575,CD127,IL7RA"
IRF4,interferon regulatory factor 4,COSG105639,6,391739.0,411447.0,6p25.3,y,n,MM,,,L,Dom,"oncogene, TSG, fusion",T,IGH,n,,1,"IRF4,ENSG00000137265.14,Q15306,3662,LSIRF"
IRS4,insulin receptor substrate 4,COSG76787,X,108732482.0,108736409.0,Xq22.3,y,n,"glioma, rhabdomyosarcoma, melanoma, breast cancer, T-ALL",,,"E, O, M, L",,"oncogene, TSG","Mis, F, T",TRB,n,,1,"IRS4,ENSG00000133124.11,O14654,8471,IRS-4,PY160"
JAK1,Janus kinase 1,COSG63689,1,64833229.0,64966504.0,1p31.3,y,n,ALL,,,L,Dom,"oncogene, TSG",Mis,,n,,1,"JAK1,ENSG00000162434.11,P23458,3716,JAK1A,JTK3"
JAK2,Janus kinase 2,COSG58883,9,4984390.0,5128183.0,9p24.1,y,n,"ALL, AML, MPN,  CML",,,L,Dom,"oncogene, fusion","T, Mis, O","ETV6, PCM1, BCR",n,,1,"JAK2,ENSG00000096968.13,O60674,3717,JTK10"
JAK3,Janus kinase 3,COSG84587,19,17824780.0,17848071.0,19p13.11,y,n,"acute megakaryocytic leukaemia, ETP ALL",,,L,Dom,oncogene,Mis,,n,,1,"JAK3,ENSG00000105639.18,P52333,3718,JAK-3,JAK3_HUMAN,JAKL,L-JAK,LJAK"
JUN,"Jun proto-oncogene, AP-1 transcription factor subunit",COSG84672,1,58780788.0,58784327.0,1p32.1,y,n,sarcoma,,,M,Dom,oncogene,A,,n,,1,"JUN,ENSG00000177606.6,P05412,3725,AP-1,c-Jun"
KAT6A,lysine acetyltransferase 6A,COSG110810,8,41929479.0,42051990.0,8p11.21,y,n,AML,,,L,Dom,"oncogene, fusion","T, A","CREBBP, NCOA2, EP300",n,,1,"KAT6A,ENSG00000083168.9,Q92794,7994,MOZ,ZC2HC6A"
KAT7,lysine acetyltransferase 7,COSG90061,17,49788555.0,49835030.0,17q21.33,y,n,CCRCC,,,E,,oncogene,Mis,,n,,2,"KAT7,ENSG00000136504.11,O95251,11143,HBO1,HBOA,ZC2HC7"
KCNJ5,potassium voltage-gated channel subfamily J member 5,COSG80472,11,128891356.0,128921035.0,11q24.3,y,n,adrenal adenoma,,,E,Dom,oncogene,Mis,,y,"Familial hyperaldosteronism type III, Long QT syndrome",1,"KCNJ5,ENSG00000120457.11,P48544,3762,CIR,GIRK4,KATP1,Kir3.4,LQT13"
KDM5A,lysine demethylase 5A,COSG94857,12,280129.0,389454.0,12p13.33,y,n,AML,,,L,Dom,"oncogene, fusion",T,NUP98,n,,1,"KDM5A,ENSG00000073614.12,P29375,5927"
KDM6A,lysine demethylase 6A,COSG88842,X,44873177.0,45112602.0,Xp11.3,y,n,"renal cell carcinoma, bladder carcinoma, oesophageal SCC, MM, medulloblastoma, T-ALL, other tumour types",,,"E, L",Rec,"oncogene, TSG","D, N, F, S",,y,Kabuki syndrome,1,"KDM6A,ENSG00000147050.14,O15550,7403"
KDR,kinase insert domain receptor,COSG106784,4,55078259.0,55125595.0,4q12,y,y,"NSCLC, angiosarcoma",melanoma,,E,Dom,oncogene,Mis,,n,,1,"KDR,ENSG00000128052.9,3791,CD309,FLK1,VEGFR,VEGFR2"
KIT,KIT proto-oncogene receptor tyrosine kinase,COSG63709,4,54657918.0,54740715.0,4q12,y,y,"GIST, AML, TGCT, mastocytosis, mucosal melanoma","GIST, epithelioma",familial gastrointestinal stromal tumour,"L, M, O, E",Dom,oncogene,"Mis, O",,y,Piebald trait,1,"KIT,ENSG00000157404.15,P10721,3815,C-Kit,CD117,SCFR"
KLF4,Kruppel like factor 4,COSG110029,9,107484852.0,107490482.0,9q31.2,y,n,meningioma,,,O,Dom,"oncogene, TSG",Mis,,n,,1,"KLF4,ENSG00000136826.14,O43474,9314,EZF,GKLF"
KMT2A,lysine methyltransferase 2A,COSG86533,11,118436490.0,118526832.0,11q23.3,y,n,"AML, ALL",,,L,Dom,"oncogene, fusion","T, O","KMT2A, MLLT1, AFF1, MLLT3, MLLT4, FOXO4, MLLT10, MLLT6, ELL, EPS15, MLLT11, CREBBP, SH3GL1, FNBP1, SEPT5, SEPT9, GPHN, GMPS, ABI1, ARHGEF12, GAS7, FOXO3, AFF3, TET1, SEPT6, LPP, RUNX1T1, ARHGAP26, EP300, PICALM, CLP1, PRRC1, DAB2IP, MAPRE1, KIAA1524, SEPT2, SARNP, ZFYVE19, TOP3A, CASC5, EEFSEC, FRYL, SORBS2, ABI2, LASP1, CASP8AP2, AFF4, NRIP3, NCKIPSD, CBL, ACTN4, PDS5A, CT45A2, MYO1F, KIAA0284, BTBD18",n,,1,"KMT2A,ENSG00000118058.20,Q03164,4297,ALL-1,CXXC7,HRX,HTRX1,MLL1A,TRX1"
KMT2D,lysine methyltransferase 2D,COSG107783,12,49018975.0,49059774.0,12q13.12,y,n,"medulloblastoma, renal",,,"O, E",Rec,"oncogene, TSG","N, F, Mis",,n,,1,"KMT2D,ENSG00000167548.14,O14686,8085,ALR,CAGL114,MLL4"
KNSTRN,kinetochore localized astrin (SPAG5) binding protein,COSG111763,15,40382721.0,40394246.0,15q15.1,y,n,SCC,,,E,,oncogene,Mis,,n,,2,"KNSTRN,ENSG00000128944.13,Q9Y448,90417,FLJ14502,SKAP,TRAF4AF1,kinastrin"
KRAS,"KRAS proto-oncogene, GTPase",COSG86962,12,25204789.0,25250936.0,12p12.1,y,n,"pancreatic, colorectal, lung, thyroid, AML, other tumour types",,,"L, E, M, O",Dom,oncogene,Mis,,n,,1,"KRAS,ENSG00000133703.11,P01116,3845,KRAS1"
LCK,"LCK proto-oncogene, Src family tyrosine kinase",COSG82227,1,32251239.0,32286165.0,1p35.2,y,n,T-ALL,,,L,Dom,"oncogene, fusion",T,TRB,n,,1,"LCK,ENSG00000182866.16,P06239,3932"
LEF1,lymphoid enhancer binding factor 1,COSG73617,4,108047545.0,108168956.0,4q25,y,n,"B-ALL, T-ALL, eyelid sebaceous carcinoma, AML, lymphomas",,,"L, E",,"oncogene, TSG","Mis, N",,n,,1,"LEF1,ENSG00000138795.9,Q9UJU2,51176,TCF10,TCF1ALPHA,TCF7L3"
LMO1,LIM domain only 1,COSG58772,11,8224304.0,8268716.0,11p15.4,y,y,"T-ALL, neuroblastoma",neuroblastoma,,L,Dom,"oncogene, fusion","T, A",TRD,n,,1,"LMO1,ENSG00000166407.13,P25800,4004,RHOM1,TTG1"
LMO2,LIM domain only 2,COSG66206,11,33858576.0,33892289.0,11p13,y,n,T-ALL,,,L,Dom,"oncogene, fusion",T,TRD,n,,1,"LMO2,ENSG00000135363.11,P25791,4005,RBTN2,RHOM2,TTG2"
LPP,LIM domain containing preferred translocation partner in lipoma,COSG108197,3,188153284.0,188890671.0,3q28,y,n,"lipoma, leukaemia",,,"L, M",Dom,"oncogene, fusion",T,"HMGA2, KMT2A, C12orf9",n,,1,"LPP,ENSG00000145012.13,Q93052,4026"
LYL1,"LYL1, basic helix-loop-helix family member",COSG61746,19,13099033.0,13103161.0,19p13.13,y,n,T-ALL,,,L,Dom,"oncogene, fusion",T,TRB,n,,1,"LYL1,ENSG00000104903.4,P12980,4066,bHLHa18"
LYN,"LYN proto-oncogene, Src family tyrosine kinase",COSG98294,8,55879813.0,56014168.0,8q12.1,y,n,"DLBCL, B-ALL, MPN",,,L,,"oncogene, fusion","Mis, T","ETV6, GATAD2A, NCOR1",n,,2,"LYN,ENSG00000254087.7,P07948,4067,JTK8"
MACC1,MET transcriptional regulator MACC1,COSG59645,7,20134655.0,20217404.0,7p21.1,y,n,"liver, CRC",,,E,,oncogene,Mis,,n,,2,"MACC1,ENSG00000183742.12,Q6ZN28,346389,7A5,SH3BP4L"
MAF,MAF bZIP transcription factor,COSG112125,16,79585843.0,79600714.0,16q23.2,y,n,MM,,,L,Dom,"oncogene, fusion",T,IGH,n,,1,"MAF,ENSG00000178573.6,O75444,4094,c-MAF"
MAFB,MAF bZIP transcription factor B,COSG61544,20,40685848.0,40689240.0,20q12,y,n,MM,,,L,Dom,"oncogene, fusion",T,IGH,n,,1,"MAFB,ENSG00000204103.3,Q9Y5Q3,9935"
MALAT1,metastasis associated lung adenocarcinoma transcript 1,COSG99097,11,65497688.0,65506516.0,11q13.1,y,n,"renal cell carcinoma (childhood epithelioid), lung",,,E,Dom,"oncogene, TSG, fusion",T,TFEB,n,,2,"MALAT1,ENSG00000251562.8,,HCN,LINC00047,MALAT-1,NCRNA00047,NEAT2,PRO1073,mascRNA"
MALT1,MALT1 paracaspase,COSG103261,18,58671386.0,58754477.0,18q21.32,y,n,MALT,,,L,Dom,"oncogene, fusion",T,BIRC3,n,,1,"MALT1,ENSG00000172175.12,Q9UDY8,10892,PCASP1"
MAML2,mastermind like transcriptional coactivator 2,COSG108970,11,95976598.0,96343180.0,11q21,y,n,salivary gland mucoepidermoid,,,E,Dom,"oncogene, fusion",T,"CRTC3, CRTC1",n,,1,"MAML2,ENSG00000184384.13,Q8IZL2,84441,KIAA1819,MAM3"
MAP2K1,mitogen-activated protein kinase kinase 1,COSG59287,15,66386817.0,66492312.0,15q22.31,y,n,"NSCLC, melanoma, colorectal",,,E,Dom,oncogene,Mis,,y,Cardiofaciocutaneous syndrome,1,"MAP2K1,ENSG00000169032.9,Q02750,5604,MAPKK1,MEK1"
MAP2K2,mitogen-activated protein kinase kinase 2,COSG59865,19,4090321.0,4124129.0,19p13.3,y,n,"NSCLC, melanoma",,,E,Dom,oncogene,Mis,,y,Cardiofaciocutaneous syndrome,1,"MAP2K2,ENSG00000126934.13,P36507,5605,MEK2"
MAP2K4,mitogen-activated protein kinase kinase 4,COSG96219,17,12020824.0,12143830.0,17p12,y,n,"pancreatic, breast, colorectal",,,E,Rec,"oncogene, TSG","D, Mis, N",,n,,1,"MAP2K4,ENSG00000065559.14,P45985,6416,JNKK1,MEK4,MKK4,PRKMK4"
MAP3K1,mitogen-activated protein kinase kinase kinase 1,COSG73783,5,56815574.0,56896152.0,5q11.2,y,n,luminal A breast,,,E,Rec,"oncogene, TSG","N, F, Mis, O, S",,y,"46,XY sex reversal 6",1,"MAP3K1,ENSG00000095015.5,Q13233,4214,MAPKKK1,MEKK"
MAP3K13,mitogen-activated protein kinase kinase kinase 13,COSG59626,3,185282941.0,185489097.0,3q27.2,y,n,breast,,,E,Rec,"oncogene, TSG",F,,n,,1,"MAP3K13,ENSG00000073803.13,O43283,9175,LZK,MEKK13"
MAPK1,mitogen-activated protein kinase 1,COSG103824,22,21754500.0,21867680.0,22q11.22,y,n,"CLL, ovarian mixed germ cell tumour, cervical carcinoma",,,"E, L",Dom,oncogene,Mis,,n,,1,"MAPK1,ENSG00000100030.14,P28482,5594,ERK,ERK2,MAPK2,p41mapk"
MDM2,MDM2 proto-oncogene,COSG71043,12,68808176.0,68850686.0,12q15,y,n,"sarcoma, glioma, colorectal, other tumour types",,,"M, O, E, L",Dom,oncogene,A,,n,,1,"MDM2,ENSG00000135679.23,Q00987,4193,HDM2,MGC5370"
MDM4,"MDM4, p53 regulator",COSG62931,1,204516379.0,204558120.0,1q32.1,y,n,"glioblastoma, bladder, retinoblastoma",,,M,Dom,oncogene,A,,n,,1,"MDM4,ENSG00000198625.12,O15151,4194,HDMX,MDMX"
MECOM,MDS1 and EVI1 complex locus,COSG112625,3,169083499.0,169663618.0,3q26.2,y,n,"AML, CML, MDS",,,L,Dom,"oncogene, fusion",T,"RUNX1, ETV6, PRDM16, RPN1",n,,1,"MECOM,ENSG00000085276.17,Q03112,2122,KMT8E,MDS1-EVI1,PRDM3"
MET,"MET proto-oncogene, receptor tyrosine kinase",COSG91620,7,116672390.0,116798386.0,7q31.2,y,n,"papillary renal, head-neck squamous cell",papillary renal,familial papillary renal cancer,E,Dom,oncogene,Mis,,n,,1,"MET,ENSG00000105976.14,P08581,4233,DFNB97,HGFR,RCCP2"
MITF,melanocyte inducing transcription factor,COSG60330,3,69739435.0,69968337.0,3p13,y,n,melanoma,,,E,Dom,oncogene,A,,y,"Waardenburg syndrome type 2, Tietz syndrome",1,"MITF,ENSG00000187098.15,O75030,4286,MI,bHLHe32"
MLLT10,"MLLT10, histone lysine methyltransferase DOT1L cofactor",COSG111142,10,21524675.0,21743630.0,10p12.31,y,n,AL,,,L,Dom,"oncogene, fusion",T,"KMT2A, PICALM, CDK6",n,,1,"MLLT10,ENSG00000078403.16,P55197,8028,AF10"
MN1,"MN1 proto-oncogene, transcriptional regulator",COSG93089,22,27748277.0,27801498.0,22q12.1,y,n,"AML, MDS",,,L,Dom,"oncogene, fusion",T,ETV6,n,,1,"MN1,ENSG00000169184.5,Q10571,4330,MGCR1,MGCR1-PEN"
MPL,"MPL proto-oncogene, thrombopoietin receptor",COSG91606,1,43337849.0,43352772.0,1p34.2,y,y,MPN,MPN,familial essential thrombocythemia,L,Dom,oncogene,Mis,,y,Congenital amegakaryocytic thrombocytopenia,1,"MPL,ENSG00000117400.17,P40238,4352,CD110,TPOR"
MRTFA,myocardin related transcription factor A,COSG105252,22,40410281.0,40636702.0,22q13.2,y,n,acute megakaryocytic leukaemia,,,L,Dom,"oncogene, TSG, fusion",T,RBM15,n,,1,"MRTFA,ENSG00000196588.15,57591,BSAC,KIAA1438,MAL,MKL,MRTF-A"
MSI2,musashi RNA binding protein 2,COSG62555,17,57255851.0,57684685.0,17q22,y,n,CML,,,L,Dom,"oncogene, fusion",T,HOXA9,n,,1,"MSI2,ENSG00000153944.10,Q96DH6,124540"
MTCP1,mature T cell proliferation 1,COSG88748,X,155061622.0,155147937.0,Xq28,y,n,T cell prolymphocytic leukaemia,,,L,Dom,"oncogene, fusion",T,TRA,n,,1,"MTCP1,ENSG00000214827.9,P56278,4515,P13MTCP1,p8MTCP1"
MTOR,mechanistic target of rapamycin kinase,COSG77957,1,11106535.0,11262507.0,1p36.22,y,n,"endometrial carcinoma, head and neck, clear cell renal cell carcinoma, anaplastic thyroid cancer, urothelial cell carcinoma, central nervous system tumours, testicular germ cell tumours and other tumour types",,,E,Dom,oncogene,"Mis, N",,y,"Smith-Kingsmore syndrome, brain overgrowth phenotypes such as focal cortical dysplasia and megalencephaly,",1,"MTOR,ENSG00000198793.12,P42345,2475,FLJ44809,RAFT1,RAPT1"
MUC16,"mucin 16, cell surface associated",COSG72822,19,8848844.0,8981342.0,19p13.2,y,n,"HNSCC, melanoma",,,E,,oncogene,Mis,,n,,2,"MUC16,ENSG00000181143.15,Q8WXI7,94025,CA125,FLJ14303"
MUC4,"mucin 4, cell surface associated",COSG97438,3,195746765.0,195812277.0,3q29,y,n,HNSCC,,,E,,oncogene,"Mis, O",,n,,2,"MUC4,ENSG00000145113.21,4585"
MYB,"MYB proto-oncogene, transcription factor",COSG76382,6,135181315.0,135219173.0,6q23.3,y,n,adenoid cystic carcinoma,,,E,Dom,"oncogene, fusion",T,NFIB,n,,1,"MYB,ENSG00000118513.18,P10242,4602,c-myb"
MYC,"MYC proto-oncogene, bHLH transcription factor",COSG111896,8,127735434.0,127741434.0,8q24.21,y,n,"B-CLL, breast cancer, Burkitt lymphoma, gastric cancer, ovarian cancer",,,"L, E",Dom,"oncogene, fusion","A, T","IGK, BCL5, BCL7A , BTG1, TRA, IGH",n,,1,"MYC,ENSG00000136997.17,4609,MYCC,bHLHe39,c-Myc"
MYCL,"MYCL proto-oncogene, bHLH transcription factor",COSG62582,1,39895426.0,39902256.0,1p34.2,y,n,small cell lung carcinoma,,,E,Dom,oncogene,A,,n,,1,"MYCL,ENSG00000116990.10,P12524,4610,LMYC,bHLHe38"
MYCN,"MYCN proto-oncogene, bHLH transcription factor",COSG83025,2,15940564.0,15947007.0,2p24.3,y,n,"neuroblastoma, Wilms tumour",,,O,Dom,oncogene,"A, Mis",,y,Feingold syndrome 1,1,"MYCN,ENSG00000134323.11,P04198,4613,MYCNOT,N-myc,bHLHe37"
MYD88,"MYD88, innate immune signal transduction adaptor",COSG74574,3,38138478.0,38143022.0,3p22.2,y,n,ABC-DLBCL,,,L,Dom,oncogene,Mis,,n,,1,"MYD88,ENSG00000172936.12,4615"
MYOD1,myogenic differentiation 1,COSG76774,11,17719568.0,17722131.0,11p15.1,y,n,embryonal rhabdomyosarcoma,,,M,Dom,oncogene,Mis,,n,,1,"MYOD1,ENSG00000129152.3,P15172,4654,MYOD,PUM,bHLHc1"
NCOA2,nuclear receptor coactivator 2,COSG79853,8,70109762.0,70403805.0,8q13.3,y,n,"AML, chondrosarcoma, rhabdomyosarcoma",,,"L, M",Dom,"oncogene, fusion",T,"KAT6A, HEY1",n,,1,"NCOA2,ENSG00000140396.12,Q15596,10499,GRIP1,KAT13C,NCoA-2,TIF2,bHLHe75"
NFATC2,nuclear factor of activated T cells 2,COSG102348,20,51386957.0,51562831.0,20q13.2,y,n,Ewing sarcoma,,,M,Dom,"oncogene, fusion",T,EWSR1,n,,1,"NFATC2,ENSG00000101096.19,Q13469,4773,NF-ATP,NFAT1,NFATp"
NFE2L2,"nuclear factor, erythroid 2 like 2",COSG108145,2,177227595.0,177392697.0,2q31.2,y,n,"NSCLC, HNSCC",,,E,Dom,"oncogene, TSG",Mis,,n,,1,"NFE2L2,ENSG00000116044.15,Q16236,4780,NRF2"
NFKB2,nuclear factor kappa B subunit 2,COSG64880,10,102394110.0,102402529.0,10q24.32,y,n,B-NHL,,,L,Dom,"oncogene, TSG, fusion",T,IGH,n,,1,"NFKB2,ENSG00000077150.18,Q00653,4791,LYT-10,NF-kB2,p105,p49/p100,p52"
NKX2-1,NK2 homeobox 1,COSG92746,14,36516392.0,36521149.0,14q13.3,y,n,NSCLC,,,E,Dom,"oncogene, TSG",A,,n,,1,"NKX2-1,ENSG00000136352.17,P43699,7080,TTF-1,TTF1"
NOTCH1,notch 1,COSG79338,9,136494433.0,136545786.0,9q34.3,y,n,"T-ALL, breast, bladder, skin SCC, lung SCC, head and neck SCC",,,"L, E",Dom/Rec,"oncogene, TSG, fusion","T, Mis, O","TRB, SEC16A, GABBR2",n,,1,"NOTCH1,ENSG00000148400.10,P46531,4851"
NOTCH2,notch 2,COSG91716,1,119911553.0,120069626.0,1p12,y,n,"marginal zone lymphoma, DLBCL, bladder",,,"L, E",Dom/Rec,"oncogene, TSG","N, F, Mis",,y,"Hajdu-Cheney syndrome, serpentine fibula-polycystic kidney syndrome",1,"NOTCH2,ENSG00000134250.19,Q04721,4853"
NPM1,nucleophosmin 1,COSG103724,5,171387116.0,171411137.0,5q35.1,y,n,"NHL, APL, AML",,,L,Dom,"oncogene, fusion","T, F","ALK, RARA, MLF1",n,,1,"NPM1,ENSG00000181163.13,P06748,4869,B23,NPM"
NR4A3,nuclear receptor subfamily 4 group A member 3,COSG89778,9,99821855.0,99866891.0,9q31.1,y,n,extraskeletal myxoid chondrosarcoma,,,M,Dom,"oncogene, fusion",T,"EWSR1, TAF15, TCF12, TFG",n,,1,"NR4A3,ENSG00000119508.17,Q92570,8013,CHN,CSMF,MINOR,NOR1"
NRAS,"NRAS proto-oncogene, GTPase",COSG95814,1,114704469.0,114716894.0,1p13.2,y,n,"melanoma, MM, AML, thyroid",,,"L, E",Dom,oncogene,Mis,,n,,1,"NRAS,ENSG00000213281.4,P01111,4893,N-ras"
NSD2,nuclear receptor binding SET domain protein 2,COSG91695,4,1871424.0,1982207.0,4p16.3,y,n,MM,,,L,Dom,"oncogene, fusion",T,IGH,n,,1,"NSD2,ENSG00000109685.17,O96028,7468,KMT3G,MMSET"
NSD3,nuclear receptor binding SET domain protein 3,COSG105269,8,38269697.0,38382272.0,8p11.23,y,n,AML,,,L,Dom,"oncogene, fusion","T, A",NUP98,n,,1,"NSD3,ENSG00000147548.16,Q9BZ95,54904,FLJ20353,KMT3F,WHISTLE"
NT5C2,"5'-nucleotidase, cytosolic II",COSG109595,10,103088017.0,103193306.0,10q24.33,y,n,relapse ALL,,,L,Dom,oncogene,Mis,,y,Spastic paraplegia-45,1,"NT5C2,ENSG00000076685.18,P49902,22978,GMP,PNT5,SPG65,cN-II"
NTRK1,neurotrophic receptor tyrosine kinase 1,COSG99947,1,156815640.0,156881850.0,1q23.1,y,n,"papillary thyroid, Spitzoid tumour",,,E,Dom,"oncogene, TSG, fusion","T, A","TPM3, TPR, TFG, TP53, LMNA",n,,1,"NTRK1,ENSG00000198400.11,P04629,4914,MTC,TRK,TRKA"
NTRK2,neurotrophic receptor tyrosine kinase 2,COSG88009,9,84668551.0,85027070.0,9q21.33,y,n,"colorectal cancer, ganglioglioma, glioma, HNSCC, lung adenocarcinoma",,,"E, O",,"oncogene, fusion","T, Mis","AFAP1, AGBL4, BCR, MUC2, NACC2, PAN3, QK1, SLMAP, SQSTM1, TRIM24, VCL",n,,1,"NTRK2,ENSG00000148053.15,Q16620,4915,TRKB"
NTRK3,neurotrophic receptor tyrosine kinase 3,COSG72654,15,87859751.0,88256768.0,15q25.3,y,n,"congenital fibrosarcoma, secretory breast",,,"E, M",Dom,"oncogene, fusion",T,ETV6,n,,1,"NTRK3,ENSG00000140538.16,Q16288,4916,TRKC"
NUP98,nucleoporin 98,COSG101334,11,3671083.0,3797792.0,11p15.4,y,n,AML,,,L,Dom,"oncogene, fusion",T,"HOXA9, NSD1, WHSC1L1, DDX10, TOP1, HOXD13, PRRX1, HOXA13, HOXD11, HOXA11, RAP1GDS1, HOXC11",n,,1,"NUP98,ENSG00000110713.15,P52948,4928,NUP96"
NUTM1,NUT midline carcinoma family member 1,COSG103408,15,34343315.0,34357737.0,15q14,y,n,lethal midline carcinoma,,,E,Dom,"oncogene, fusion",T,"BRD3, BRD4",n,,1,"NUTM1,ENSG00000184507.15,Q86Y26,256646,DKFZp434O192,FAM22H,NUT"
OLIG2,oligodendrocyte transcription factor 2,COSG58216,21,33025845.0,33029196.0,21q22.11,y,n,T-ALL,,,L,Dom,"oncogene, fusion",T,TRA,n,,1,"OLIG2,ENSG00000205927.4,Q13516,10215,OLIGO2,RACK17,bHLHe19"
P2RY8,P2Y receptor family member 8,COSG63457,X,1462572.0,1537107.0,Xp22.33,y,n,"B-ALL, Down syndrome associated ALL",,,L,Dom,"oncogene, fusion",T,CRLF2,n,,1,"P2RY8,ENSG00000182162.10,Q86VZ1,286530,P2Y8"
PABPC1,poly(A) binding protein cytoplasmic 1,COSG65621,8,100685816.0,100722809.0,8q22.3,y,n,"HNSCC, biliary tract carcinoma",,,E,,"oncogene, TSG","Mis, F",,n,,2,"PABPC1,ENSG00000070756.15,P11940,26986,PABP1,PABPL1"
PAX3,paired box 3,COSG99941,2,222199888.0,222298996.0,2q36.1,y,n,alveolar rhabdomyosarcoma,,,M,Dom,"oncogene, fusion",T,"FOXO1, NCOA1, NCOA2",y,Waardenburg syndrome; craniofacial-deafness-hand syndrome,1,"PAX3,ENSG00000135903.19,P23760,5077,HUP2"
PAX5,paired box 5,COSG90817,9,36833275.0,37034185.0,9p13.2,y,n,"NHL, ALL, B-ALL",,,L,Dom,"oncogene, TSG, fusion","T, Mis, D, F, S","IGH, ETV6, PML, FOXP1, ZNF521, ELN",n,,1,"PAX5,ENSG00000196092.12,Q02548,5079,BSAP"
PBX1,PBX homeobox 1,COSG64184,1,164555584.0,164899296.0,1q23.3,y,n,"pre B-ALL, myoepithelioma",,,"L, M",Dom,"oncogene, fusion",T,"TCF3, EWSR1",n,,1,"PBX1,ENSG00000185630.18,P40424,5087"
PDCD1LG2,programmed cell death 1 ligand 2,COSG62946,9,5510570.0,5571254.0,9p24.1,y,n,"PMBL, Hodgkin lymphoma",,,L,Dom,"oncogene, fusion",T,CIITA,n,,1,"PDCD1LG2,ENSG00000197646.7,Q9BQ51,80380,B7-DC,Btdc,CD273,PD-L2,PDL2,bA574F11.2"
PDGFB,platelet derived growth factor subunit B,COSG86049,22,39223359.0,39244751.0,22q13.1,y,n,DFSP,,,M,Dom,"oncogene, fusion",T,COL1A1,n,,1,"PDGFB,ENSG00000100311.16,P01127,5155,SSV"
PDGFRA,platelet derived growth factor receptor alpha,COSG95745,4,54229097.0,54298247.0,4q12,y,y,"GIST, idiopathic hypereosinophilic syndrome, paediatric glioblastoma",GIST,familial gastrointestinal stromal tumour,"L, M, O",Dom,"oncogene, fusion","Mis, O, T",FIP1L1,n,,1,"PDGFRA,ENSG00000134853.11,P16234,5156,CD140a,GAS9,PDGFR2"
PDGFRB,platelet derived growth factor receptor beta,COSG64110,5,150113837.0,150155872.0,5q32,y,n,"MPN, AML, CMML, CML",,,L,Dom,"oncogene, fusion",T,"ETV6, TRIP11, HIP1, RABEP1, H4, NIN, SPECC1, PDE4DIP",n,,1,"PDGFRB,ENSG00000113721.13,P09619,5159,CD140b,JTK12,PDGFR1"
PIK3CA,"phosphatidylinositol-4,5-bisphosphate 3-kinase catalytic subunit alpha",COSG95525,3,179148114.0,179240093.0,3q26.32,y,n,"colorectal, gastric, glioblastoma, breast",,,"E, O",Dom,oncogene,Mis,,n,,1,"PIK3CA,ENSG00000121879.4,P42336,5290,PI3K"
PIK3CB,"phosphatidylinositol-4,5-bisphosphate 3-kinase catalytic subunit beta",COSG82958,3,138652699.0,138834938.0,3q22.3,y,n,"SCC, NSCLC",,,E,,oncogene,Mis,,n,,1,"PIK3CB,ENSG00000051382.8,P42338,5291"
PIK3R2,phosphoinositide-3-kinase regulatory subunit 2,COSG111839,19,18153118.0,18170540.0,19p13.11,y,n,ovarian carcinoma,,,E,,oncogene,"A, Mis, F",,y,Megalencephaly-polymicrogyria-polydactyly-hydrocephalus syndrome 1,2,"PIK3R2,ENSG00000105647.16,O00459,5296,P85B,p85"
PIM1,"Pim-1 proto-oncogene, serine/threonine kinase",COSG108733,6,37170203.0,37175426.0,6p21.2,y,n,NHL,,,L,Dom,"oncogene, fusion","T, Mis",BCL6,n,,1,"PIM1,ENSG00000137193.13,P11309,5292"
PLAG1,PLAG1 zinc finger,COSG90949,8,56160904.0,56211324.0,8q12.1,y,n,"salivary adenoma, lipoblastoma",,,E,Dom,"oncogene, fusion",T,"TCEA1, LIFR, CTNNB1, CHCHD7, COL1A2, HAS2",n,,1,"PLAG1,ENSG00000181690.7,Q6DJT9,5324,ZNF912"
PLCG1,phospholipase C gamma 1,COSG115578,20,41136960.0,41196801.0,20q12,y,n,angiosarcoma,,,E,Dom,"oncogene, fusion","Mis, T",,n,,1,"PLCG1,ENSG00000124181.14,P19174,5335,NCKAP3,PLC-II,PLC148,PLCgamma1"
POLQ,DNA polymerase theta,COSG60282,3,121431427.0,121546641.0,3q13.33,y,y,oral SCC,breast cancer,,E,,"oncogene, TSG",Mis,,n,,1,"POLQ,ENSG00000051341.13,O75417,10721,POLH"
POU2AF1,POU class 2 associating factor 1,COSG103372,11,111352252.0,111455630.0,11q23.1,y,n,NHL,,,L,Dom,"oncogene, fusion",T,BCL6,n,,1,"POU2AF1,ENSG00000110777.11,Q16633,5450,BOB1,OBF1"
POU5F1,POU class 5 homeobox 1,COSG82677,6,31164337.0,31180731.0,6p21.33,y,n,sarcoma,,,M,Dom,"oncogene, fusion",T,EWSR1,n,,1,"POU5F1,ENSG00000204531.17,Q01860,5460,MGC22487,OCT3,Oct4"
PPM1D,"protein phosphatase, Mg2+/Mn2+ dependent 1D",COSG59012,17,60600183.0,60666280.0,17q23.2,y,n,"glioma, ovarian cancer, breast cancer",,,E,Dom,oncogene,"A, Mis, N, F",,n,,1,"PPM1D,ENSG00000170836.11,O15297,8493,PP2C-DELTA,Wip1"
PRDM16,PR/SET domain 16,COSG80881,1,3069168.0,3438621.0,1p36.32,y,n,"MDS, AML",,,L,Dom,"oncogene, fusion",T,MECOM,n,,1,"PRDM16,ENSG00000142611.16,Q9HAZ2,63976,KIAA1675,KMT8F,MEL1,MGC166915,PFM13"
PREX2,"phosphatidylinositol-3,4,5-trisphosphate dependent Rac exchange factor 2",COSG89056,8,67952118.0,68237030.0,8q13.2,y,n,"melanoma, pancreatic ductal adenocarcinoma",,,E,Dom,oncogene,"Mis, N",,n,,1,"PREX2,ENSG00000046889.18,Q70Z35,80243,DEP.2,FLJ12987,P-REX2,PPP1R129"
PRKACA,protein kinase cAMP-activated catalytic subunit alpha,COSG77801,19,14091688.0,14118084.0,19p13.12,y,n,"fibrolamellar hepatocellular carcinoma, cortisol secreting adrenal adenoma",,,E,Dom,oncogene,"T, Mis, N",DNAJB1,n,,1,"PRKACA,ENSG00000072062.13,P17612,5566,PKACa"
PRKAR1A,protein kinase cAMP-dependent type I regulatory subunit alpha,COSG89125,17,68511780.0,68551319.0,17q24.2,y,y,papillary thyroid,"myxoma, endocrine, papillary thyroid",Carney complex,"E, M",Dom/Rec,"oncogene, TSG, fusion","T, Mis, N, F, S",RET,n,,1,"PRKAR1A,ENSG00000108946.14,P10644,5573,CNC1"
PSIP1,PC4 and SFRS1 interacting protein 1,COSG99785,9,15464066.0,15511019.0,9p22.3,y,n,AML,,,L,Dom,"oncogene, fusion",T,NUP98,n,,1,"PSIP1,ENSG00000164985.14,O75475,11168,DFS70,LEDGF,p52,p75"
PTK6,protein tyrosine kinase 6,COSG110739,20,63528001.0,63537370.0,20q13.33,y,n,"renal, gastric, head and neck, ovarian, others",,,E,Dom,"oncogene, TSG","Mis, N",,n,,1,"PTK6,ENSG00000101213.6,Q13882,5753,BRK"
PTPN11,"protein tyrosine phosphatase, non-receptor type 11",COSG69144,12,112418351.0,112509913.0,12q24.13,y,n,"JMML, AML, MDS",,,L,Dom,oncogene,Mis,,y,Noonan Syndrome,1,"PTPN11,ENSG00000179295.17,Q06124,5781,BPTP3,PTP2C,SH-PTP2,SHP-2,SHP2"
QKI,"QKI, KH domain containing RNA binding",COSG84239,6,163414000.0,163578596.0,6q26,y,n,"angiocentric glioma, colorectal cancer",,,"E, O",Dom,"oncogene, TSG","Mis, F, T",MYB,n,,1,"QKI,ENSG00000112531.16,Q96PU8,9444,QK3"
RAC1,Rac family small GTPase 1,COSG96249,7,6374523.0,6403977.0,7p22.1,y,n,"melanoma, carcinoma",,,E,Dom,oncogene,"Mis, F",,n,,1,"RAC1,ENSG00000136238.17,P63000,5879,Rac-1,TC-25,p21-Rac1"
RAD21,RAD21 cohesin complex component,COSG63146,8,116845935.0,116874866.0,8q24.11,y,n,"AML, endometrium, colorectal, lung",,,"L, E",Rec,"oncogene, TSG","Mis, N, F",,y,Cornelia de Lange syndrome-4,1,"RAD21,ENSG00000164754.14,O60216,5885,KIAA0078,SCC1,hHR21"
RAD51,RAD51 recombinase,COSG99649,15,40694774.0,40732339.0,15q15.1,y,n,lung adenocarcinoma,,,E,,"fusion, oncogene",T,EGFR,n,,2,"RAD51,ENSG00000051180.16,Q06609,5888,BRCC5,FANCR,HsRad51,HsT16930"
RAF1,"Raf-1 proto-oncogene, serine/threonine kinase",COSG112523,3,12583601.0,12664226.0,3p25.2,y,n,"pilocytic astrocytoma, prostate",,,"O, E",Dom,"oncogene, fusion","T, A","SRGAP3, ESRP1",n,,1,"RAF1,ENSG00000132155.11,P04049,5894,CRAF,Raf-1,c-Raf"
RAP1B,"RAP1B, member of RAS oncogene family",COSG66550,12,68610839.0,68671901.0,12q15,y,n,glioma,,,O,,oncogene,"A, Mis",,n,,2,"RAP1B,ENSG00000127314.17,P61224,5908,DKFZp586H0723,K-REV,RAL1B"
RAP1GDS1,Rap1 GTPase-GDP dissociation stimulator 1,COSG102103,4,98261384.0,98443861.0,4q23,y,n,T-ALL,,,L,Dom,"oncogene, fusion",T,NUP98,n,,1,"RAP1GDS1,ENSG00000138698.14,P52306,5910,SmgGDS"
RARA,retinoic acid receptor alpha,COSG68638,17,40309192.0,40357643.0,17q21.2,y,n,APL,,,L,Dom,"oncogene, fusion",T,"PML, ZBTB16, TRIM24, NUMA1, NPM1",n,,1,"RARA,ENSG00000131759.17,P10276,5914,NR1B1,RAR"
RECQL4,RecQ like helicase 4,COSG81638,8,144511288.0,144517845.0,8q24.3,n,y,,"osteosarcoma, skin basal cell, skin sqamous cell",Rothmund-Thompson syndrome,M,Rec,"oncogene, TSG","N, F, S",,n,,1,"RECQL4,ENSG00000160957.12,O94761,9401,RecQ4"
REL,"REL proto-oncogene, NF-kB subunit",COSG73340,2,60881521.0,60931610.0,2p16.1,y,n,Hodgkin lymphoma,,,L,Dom,oncogene,A,,n,,1,"REL,ENSG00000162924.14,Q04864,5966,I-Rel,c-Rel"
RET,ret proto-oncogene,COSG68325,10,43077027.0,43130351.0,10q11.21,y,y,"medullary thyroid, papillary thyroid, pheochromocytoma, NSCLC, Spitzoid tumour","medullary thyroid,  papillary thyroid, pheochromocytoma",multiple endocrine neoplasia 2A/2B,"E, O",Dom,"oncogene, fusion","T, Mis, N, F","H4, PRKAR1A, NCOA4, PCM1, GOLGA5, TRIM33, KTN1, TRIM27, HOOK3, KIF5B, CCDC6",y,Hirschsprung disease,1,"RET,ENSG00000165731.18,P07949,5979,CDHF12,CDHR16,PTC,RET51"
RHOA,ras homolog family member A,COSG65553,3,49359145.0,49412998.0,3p21.31,y,n,"diffuse gastric, T cell lymphomas, paediatric Burkitt lymphoma",,,"E, L",Dom,"oncogene, TSG","Mis, F, O",,n,,1,"RHOA,ENSG00000067560.10,P61586,387,RHOH12,Rho12,RhoA"
RICTOR,RPTOR independent companion of MTOR complex 2,COSG71764,5,38937919.0,39074408.0,5p13.1,y,n,lung SCC,,,E,,oncogene,A,,n,,1,"RICTOR,ENSG00000164327.12,Q6R327,253260,AVO3,KIAA1999,MGC39830,PIA"
ROCK1,Rho associated coiled-coil containing protein kinase 1,COSG89530,18,20946906.0,21111851.0,18q11.1,y,n,pancreatic ductal adenocarcinoma,,,E,,oncogene,A,,n,,2,"ROCK1,ENSG00000067900.7,Q13464,6093,p160ROCK"
ROS1,"ROS proto-oncogene 1, receptor tyrosine kinase",COSG103633,6,117288300.0,117425855.0,6q22.1,y,n,"glioblastoma, NSCLC, Spitzoid tumour, cholangiocarcinoma, borderline ovarian",,,"O, E",Dom,"oncogene, fusion",T,"GOPC, SDC4, SLC34A2, EZR, LRIG3, HLA-A, MYO5A, PPFIBP1, ERC1, CLIP1, TPM3, ZCCHHC8, KIAA1598, PWWP2A",n,,1,"ROS1,ENSG00000047936.10,P08922,6098,MCF3,ROS,c-ros-1"
RRAS2,RAS related 2,COSG70136,11,14277926.0,14364506.0,11p15.2,y,n,intracranial germ cell tumour,,,O,,oncogene,Mis,,n,,1,"RRAS2,ENSG00000133818.13,P62070,22800,TC21"
RSPO3,R-spondin 3,COSG61346,6,127118604.0,127197765.0,6q22.33,y,n,colorectal,,,E,Dom,"oncogene, fusion",T,PTPRK,n,,1,"RSPO3,ENSG00000146374.13,Q9BXY4,84870,FLJ14440"
RUNX1,runt related transcription factor 1,COSG64498,21,34787801.0,36004667.0,21q22.12,y,n,"AML, pre B-ALL, T-ALL",,,L,Dom,"oncogene, TSG, fusion",T,"RPL22, MECOM, CBFA2T3, RUNX1T1, ETV6, AFF3",n,,1,"RUNX1,ENSG00000159216.18,Q01196,861,AMLCR1,PEBP2A2"
RUNX1T1,RUNX1 translocation partner 1,COSG111690,8,91954967.0,92103286.0,8q21.3,y,n,AML,,,L,Dom,"oncogene, TSG, fusion",T,"KMT2A, RUNX1",n,,1,"RUNX1T1,ENSG00000079102.16,862,CDR,ETO,MTG8,ZMYND2"
SALL4,spalt like transcription factor 4,COSG110233,20,51782331.0,51802520.0,20q13.2,y,n,"colorectal cancer, breast cancer, prostate cancer, glioblastoma, melanoma",,,E,,oncogene,"Mis, F",,n,Duane-radial ray syndrome,1,"SALL4,ENSG00000101115.12,Q9UJQ4,57167,ZNF797,dJ1112F19.1"
SETBP1,SET binding protein 1,COSG82137,18,44680173.0,45068510.0,18q12.3,y,y,"aCML, sAML, MDS/MPN-U, CMML, JMML",neuroepithelial tumours,Schinzel-Giedion syndrome,L,Dom,"oncogene, fusion","Mis, T",NUP98,n,,1,"SETBP1,ENSG00000152217.17,Q9Y6X0,26040,KIAA0437,SEB"
SETDB1,SET domain bifurcated 1,COSG106164,1,150926263.0,150964744.0,1q21.3,y,n,malignant mesothelioma,,,E,,oncogene,"F, Mis",,n,,2,"SETDB1,ENSG00000143379.12,Q15047,9869,ESET,KG1T,KIAA0067,KMT1E,TDRD21"
SF3B1,splicing factor 3b subunit 1,COSG68035,2,197389784.0,197435091.0,2q33.1,y,n,myelodysplastic syndrome,,,L,Dom,oncogene,Mis,,n,,1,"SF3B1,ENSG00000115524.15,O75533,23451,Hsh155,PRPF10,Prp10,SAP155,SF3b155"
SGK1,serum/glucocorticoid regulated kinase 1,COSG63500,6,134169246.0,134318112.0,6q23.2,y,n,Nodular lymphocyte predominant Hodgkin lymphoma,,,L,,oncogene,Mis,,n,,2,"SGK1,ENSG00000118515.11,O00141,6446"
SH3GL1,"SH3 domain containing GRB2 like 1, endophilin A2",COSG66356,19,4360370.0,4400547.0,19p13.3,y,n,AL,,,L,Dom,"oncogene, fusion",T,KMT2A,n,,1,"SH3GL1,ENSG00000141985.9,Q99961,6455,CNSA1,EEN,MGC111371,SH3D2B,SH3P8"
SIX1,SIX homeobox 1,COSG59671,14,60643415.0,60658259.0,14q23.1,y,n,Wilms tumour,,,O,,oncogene,Mis,,n,,1,"SIX1,ENSG00000126778.9,Q15475,6495"
SIX2,SIX homeobox 2,COSG60891,2,45005161.0,45009430.0,2p21,y,n,Wilms tumour,,,O,,oncogene,Mis,,n,,2,"SIX2,ENSG00000170577.7,Q9NPC8,10736"
SKI,SKI proto-oncogene,COSG101216,1,2228695.0,2310119.0,1p36.33,y,n,melanoma,,,E,,oncogene,Mis,,n,,2,"SKI,ENSG00000157933.9,P12755,6497"
SMO,"smoothened, frizzled class receptor",COSG112751,7,129188872.0,129213545.0,7q32.1,y,n,skin basal cell,,,E,Dom,oncogene,Mis,,n,,1,"SMO,ENSG00000128602.9,Q99835,6608,FZD11"
SND1,staphylococcal nuclease and tudor domain containing 1,COSG69136,7,127652180.0,128092609.0,7q32.1,y,n,pancreas acinar carcinoma,,,E,Dom,"oncogene, fusion",T,BRAF,n,,1,"SND1,ENSG00000197157.10,Q7KZF4,27044,TDRD11,p100"
SOS1,SOS Ras/Rac guanine nucleotide exchange factor 1,COSG84335,2,38981396.0,39124345.0,2p22.1,y,n,"lung adenocarcinoma, follicular thyroid adenoma",,,"E, O",,"oncogene, fusion","Mis, T",ALK,y,Noonan Syndrome,1,"SOS1,ENSG00000115904.12,Q07889,6654,GF1,HGF"
SOX2,SRY-box 2,COSG104377,3,181711924.0,181714436.0,3q26.33,y,n,"NSCLC, oesophageal squamous cell carcinoma",,,E,Dom,oncogene,A,,y,Microphthalmia and oesophageal atresia syndrome ,1,"SOX2,ENSG00000181449.3,P48431,6657"
SRC,"SRC proto-oncogene, non-receptor tyrosine kinase",COSG62428,20,37344685.0,37406050.0,20q11.23,y,n,"colorectal cancer, endometrial carcinoma",,,E,Dom,oncogene,"Mis, N",,n,,1,"SRC,ENSG00000197122.11,P12931,6714,ASV,c-src"
SRSF2,serine and arginine rich splicing factor 2,COSG66820,17,76734115.0,76737374.0,17q25.1,y,n,"MDS, CLL",,,L,Dom,oncogene,Mis,,n,,1,"SRSF2,ENSG00000161547.16,Q01130,6427,PR264,SC-35,SC35,SFRS2A"
SRSF3,serine and arginine rich splicing factor 3,COSG100307,6,36594353.0,36605600.0,6p21.31,y,n,follicular lymphoma,,,L,Dom,"oncogene, fusion",T,BCL6,n,,1,"SRSF3,ENSG00000112081.16,P84103,6428,SRp20"
SSX1,SSX family member 1,COSG107838,X,48255317.0,48267444.0,Xp11.23,y,n,synovial sarcoma,,,M,Dom,"oncogene, fusion",T,SS18,n,,1,"SSX1,ENSG00000126752.7,Q16384,6756,CT5.1"
SSX2,SSX family member 2,COSG89496,X,52696896.0,52707189.0,Xp11.22,y,n,synovial sarcoma,,,M,Dom,"oncogene, fusion",T,SS18,n,,1,"SSX2,ENSG00000241476.8,Q16385,6757,CT5.2a,HD21,HOM-MEL-40,MGC119055,MGC15364,MGC3884"
SSX4,SSX family member 4,COSG73109,X,48383516.0,48393347.0,Xp11.23,y,n,synovial sarcoma,,,M,Dom,"oncogene, fusion",T,SS18,n,,1,"SSX4,ENSG00000268009.5,O60224,6759,CT5.4"
STAT3,signal transducer and activator of transcription 3,COSG84383,17,42313324.0,42388568.0,17q21.2,y,y,T-cell large granular lymphocytic leukaemia,paediatric large granular lymphocytic leukaemia,,L,Dom,oncogene,"Mis,O",,y,IPEX-like syndrome,1,"STAT3,ENSG00000168610.14,P40763,6774,APRF"
STAT5B,signal transducer and activator of transcription 5B,COSG97911,17,42199168.0,42276707.0,17q21.2,y,n,"large granular lymphocytic leukaemia, skin basal cell, APL",,,"L, E",Dom,"oncogene, TSG, fusion","Mis, O, T",RARA,y,IPEX-like syndrome,1,"STAT5B,ENSG00000173757.9,P51692,6777"
STAT6,signal transducer and activator of transcription 6,COSG114380,12,57095408.0,57132139.0,12q13.3,y,n,"solitary fibrous tumour, meningeal haemangiopericytoma",,,"M, O",Dom,"oncogene, fusion",T,NAB2,n,,1,"STAT6,ENSG00000166888.11,P42226,6778,D12S1644,IL-4-STAT"
STIL,"STIL, centriolar assembly protein",COSG80911,1,47250139.0,47314147.0,1p33,y,n,T-ALL,,,L,Dom,"oncogene, fusion",T,TAL1,n,,1,"STIL,ENSG00000123473.15,Q15468,6491,MCPH7"
SUZ12,"SUZ12, polycomb repressive complex 2 subunit",COSG102561,17,31937018.0,32001045.0,17q11.2,y,n,endometrial stromal tumour,,,M,Dom,"oncogene, TSG, fusion",T,JAZF1,n,,1,"SUZ12,ENSG00000178691.10,Q15022,23512,CHET9,JJAZ1,KIAA0160"
SYK,spleen associated tyrosine kinase,COSG106457,9,90801787.0,90898549.0,9q22.2,y,n,"MDS, peripheral T-cell lymphoma",,,L,Dom,"oncogene, fusion",T,"ETV6, ITK",n,,1,"SYK,ENSG00000165025.14,P43405,6850"
TAF15,TATA-box binding protein associated factor 15,COSG76204,17,35713791.0,35864615.0,17q12,y,n,"extraskeletal myxoid chondrosarcoma, ALL",,,"L, M",Dom,"oncogene, fusion",T,"NR4A3, CHN1, ZNF384",n,,1,"TAF15,ENSG00000270647.5,Q92804,8148,Npl3,RBP56,hTAFII68"
TAL1,"TAL bHLH transcription factor 1, erythroid differentiation factor",COSG97131,1,47216290.0,47232220.0,1p33,y,n,lymphoblastic leukaemia/biphasic,,,L,Dom,"oncogene, fusion",T,"TRD, STIL",n,,1,"TAL1,ENSG00000162367.11,P17542,6886,SCL,bHLHa17"
TAL2,TAL bHLH transcription factor 2,COSG92048,9,105662457.0,105663112.0,9q31.2,y,n,T-ALL,,,L,Dom,"oncogene, fusion",T,TRB,n,,1,"TAL2,ENSG00000186051.6,Q16559,6887,bHLHa19"
TBL1XR1,transducin beta like 1 X-linked receptor 1,COSG96938,3,177019340.0,177228000.0,3q26.32,y,n,"splenic marginal zone lymphoma, primary central nervous system lymphoma, colorectal carcinoma, gallbladder carcinoma",,,"L, E, M",Rec,"oncogene, TSG, fusion","F, Mis, T",,n,,1,"TBL1XR1,ENSG00000177565.16,Q9BZK7,79718,C21,DC42,FLJ12894,IRA1,TBLR1"
TBX3,T-box 3,COSG61092,12,114670254.0,114684164.0,12q24.21,y,n,"breast, large intestine, skin",,,E,Dom,"oncogene, TSG","Mis, N, F, O",,y,ulnar-mammary syndrome,1,"TBX3,ENSG00000135111.15,O15119,6926,TBX3-ISO,XHL"
TCF3,transcription factor 3,COSG59650,19,1609290.0,1652605.0,19p13.3,y,n,pre B-ALL,,,L,Dom,"oncogene, TSG, fusion",T,"PBX1, HLF, TFPT",n,,1,"TCF3,ENSG00000071564.14,P15923,6929,E2A,E47,ITF1,MGC129647,MGC129648,VDIR,bHLHb21,p75"
TCF7L2,transcription factor 7 like 2,COSG99267,10,112950250.0,113167678.0,10q25.3,y,n,colorectal,,,E,Dom,"oncogene, fusion",T,VTI1A,n,,1,"TCF7L2,ENSG00000148737.16,Q9NQB0,6934,TCF-4"
TCL1A,T cell leukemia/lymphoma 1A,COSG80884,14,95709967.0,95714196.0,14q32.13,y,n,T-CLL,,,L,Dom,"oncogene, fusion",T,TRA,n,,1,"TCL1A,ENSG00000100721.10,P56279,8115,TCL1"
TEC,tec protein tyrosine kinase,COSG72827,4,48135783.0,48269864.0,4p12,y,n,myxoid chondrosarcoma,,,M,,"oncogene, fusion",T,,n,,2,"TEC,ENSG00000135605.12,P42680,7006,PSCTK4"
TERT,telomerase reverse transcriptase,COSG76097,5,1253147.0,1295069.0,5p15.33,y,y,"melanoma, glioblastoma, hepatocellular carcinoma, bladder, skin basal cell, skin squamous cell, mesothelioma, medulloblastoma, other tumour types",melanoma,,"E, O",Dom,"oncogene, TSG",Promoter Mis,,y,"Dyskeratosis congenita, Telomere-related pulmonary fibrosis and/or bone marrow failure  1",1,"TERT,ENSG00000164362.18,O14746,7015,EST2,TCS1,TP2,TRT,hEST2"
TET1,tet methylcytosine dioxygenase 1,COSG68435,10,68560656.0,68694482.0,10q21.3,y,n,AML,,,L,Dom,"oncogene, TSG, fusion",T,KMT2A,n,,1,"TET1,ENSG00000138336.8,Q8NFU7,80312,KIAA1676,LCX,bA119F7.1"
TFE3,transcription factor binding to IGHM enhancer 3,COSG110599,X,49028726.0,49043486.0,Xp11.23,y,n,"papillary renal, alveolar soft part sarcoma, renal",,,E,Dom,"oncogene, fusion",T,"SFPQ, ASPSCR1, PRCC, NONO, CLTC",n,,1,"TFE3,ENSG00000068323.16,P19532,7030,TFEA,bHLHe33"
TFEB,transcription factor EB,COSG81648,6,41683978.0,41736259.0,6p21.1,y,n,renal cell carcinoma (childhood epithelioid),,,"E,M",Dom,"oncogene, fusion",T,ALPHA,n,,1,"TFEB,ENSG00000112561.17,7942,TCFEB,bHLHe35"
TLX1,T cell leukemia homeobox 1,COSG114529,10,101130505.0,101137789.0,10q24.31,y,n,T-ALL,,,L,Dom,"oncogene, fusion",T,"TRB, TRD",n,,1,"TLX1,ENSG00000107807.12,P31314,3195"
TLX3,T cell leukemia homeobox 3,COSG101712,5,171309284.0,171312134.0,5q35.1,y,n,T-ALL,,,L,Dom,"oncogene, fusion",T,BCL11B,n,,1,"TLX3,ENSG00000164438.5,O43711,30012,RNX"
TMSB4X,thymosin beta 4 X-linked,COSG64710,X,12975108.0,12977227.0,Xp22.2,y,n,DLBCL,,,L,,oncogene,"Mis, S, N, F",,n,,2,"TMSB4X,ENSG00000205542.10,P62328,7114,TB4X"
TNC,tenascin C,COSG105617,9,115019578.0,115118257.0,9q33.1,y,n,"SCC, melanoma",,,E,,oncogene,Mis,,n,,2,"TNC,ENSG00000041982.15,P24821,3371,MGC167029,TN"
TNFRSF17,TNF receptor superfamily member 17,COSG95322,16,11965107.0,11968068.0,16p13.13,y,n,intestinal T-cell lymphoma,,,L,Dom,"oncogene, fusion",T,IL2,n,,1,"TNFRSF17,ENSG00000048462.10,Q02223,608,BCM,CD269,TNFRSF13A"
TP53,tumor protein p53,COSG115384,17,7661779.0,7687550.0,17p13.1,y,y,"breast, colorectal, lung, sarcoma, prostate, adrenocortical, glioma, Spitzoid tumour, multiple other tumour types","breast, sarcoma, adrenocortical carcinoma, glioma, multiple other tumour types",Li-Fraumeni syndrome,"L, E, M, O",Rec,"oncogene, TSG, fusion","Mis, N, F, T, D",NTRK1,n,,1,"TP53,ENSG00000141510.16,P04637,7157,LFS1,p53"
TP63,tumor protein p63,COSG61770,3,189631416.0,189897279.0,3q28,y,y,"HNSCC, DLBCL",NSCLC,,E,,"oncogene, TSG","Mis, N, T",TBL1XR1,y,"associated with Hay-Wells syndrome, ADULT syndrome, ectrodactyly, ectodermal dysplasia, and cleft lip/palate syndrome (EEC), acro-dermato-ungual-lacrimal-tooth syndrome, limb mammary syndrome, Rapp-Hodgkin syndrome, split hand-split foot malformation",1,"TP63,ENSG00000073282.12,Q9H3D4,8626,EEC3,KET,NBP,OFC8,SHFM4,p51,p53CP,p63,p73H,p73L"
TRIM24,tripartite motif containing 24,COSG114610,7,138460334.0,138589993.0,7q34,y,n,APL,,,L,Dom,"oncogene, TSG, fusion",T,RARA,n,,1,"TRIM24,ENSG00000122779.17,O15164,8805,RNF82,TIF1A,Tif1a,hTIF1"
TRIM27,tripartite motif containing 27,COSG92877,6,28903002.0,28923989.0,6p22.1,y,n,papillary thyroid,,,E,Dom,"oncogene, fusion",T,RET,n,,1,"TRIM27,ENSG00000204713.10,P14373,5987,RNF76"
TRRAP,transformation/transcription domain associated protein,COSG67046,7,98877933.0,99050831.0,7q22.1,y,n,melanoma,,,E,Dom,oncogene,Mis,,n,,1,"TRRAP,ENSG00000196367.13,Q9Y4A5,8295,PAF400,TR-AP,Tra1"
U2AF1,U2 small nuclear RNA auxiliary factor 1,COSG64514,21,43092956.0,43107587.0,21q22.3,y,n,"CLL, MDS",,,L,Dom,oncogene,Mis,,n,,1,"U2AF1,ENSG00000160201.11,Q01081,7307,RN,RNU2AF1,U2AF35"
UBR5,ubiquitin protein ligase E3 component n-recognin 5,COSG65755,8,102253012.0,102412841.0,8q22.3,y,n,"mantle cell lymphoma, gastric, colorectal",,,"L, E",Rec,oncogene,"F, N, Mis, S",,n,,1,"UBR5,ENSG00000104517.12,O95071,51366,DD5,EDD,HYD,KIAA0896"
USP6,ubiquitin specific peptidase 6,COSG107118,17,5116438.0,5175034.0,17p13.2,y,n,aneurysmal bone cyst,,,M,Dom,"oncogene, fusion",T,"COL1A1, CDH11, CNBP, OMD, THRAP3",n,,1,"USP6,ENSG00000129204.16,P35125,9098,TRE17,Tre-2,Tre2"
USP8,ubiquitin specific peptidase 8,COSG87291,15,50424380.0,50514419.0,15q21.2,y,n,corticotroph adenoma,,,E,Dom,oncogene,"Mis, N",,n,,1,"USP8,ENSG00000138592.13,P40818,9101,HumORF8,KIAA0055,SPG59,UBPY"
WAS,Wiskott-Aldrich syndrome,COSG72492,X,48676596.0,48691427.0,Xp11.23,n,y,,lymphoma,Wiskott-Aldrich syndrome,L,Rec/X,oncogene,"Mis, N, F, S",,n,,1,"WAS,ENSG00000015285.10,P42768,7454,WASP,WASPA"
WT1,Wilms tumor 1,COSG61501,11,32387775.0,32435630.0,11p13,y,y,"Wilms tumour, desmoplastic small round cell tumour",Wilms tumour,"Denys-Drash syndrome, Frasier syndrome, familial Wilms tumour",O,Rec,"oncogene, TSG, fusion","D, Mis, N, F, S, T",EWSR1,n,,1,"WT1,ENSG00000184937.13,7490,AWT1,NPHS4,WAGR,WIT-2"
WWTR1,WW domain containing transcription regulator 1,COSG84133,3,149517235.0,149736714.0,3q25.1,y,n,epithelioid haemangioendothelioma,,,M,Dom,"oncogene, fusion",T,CAMTA1,n,,1,"WWTR1,ENSG00000018408.14,Q9GZV5,25937,DKFZp586I1419,TAZ"
XPO1,exportin 1,COSG68225,2,61477849.0,61538626.0,2p15,y,n,CLL,,,L,Dom,oncogene,Mis,,n,,1,"XPO1,ENSG00000082898.16,O14980,7514,CRM1,emb"
YAP1,Yes associated protein 1,COSG79741,11,102110461.0,102233423.0,11q22.1,y,n,"cervical carcinoma, glioblastoma, meningioma",,,"E, O",,"fusion, oncogene","A, T",MAML2,n,,1,"YAP1,ENSG00000137693.13,P46937,10413,YAP65"
ZEB1,zinc finger E-box binding homeobox 1,COSG60276,10,31318495.0,31529814.0,10p11.22,y,n,"CCRCC, melanoma",,,E,,oncogene,Mis,,n,,2,"ZEB1,ENSG00000148516.21,P37275,6935,AREB6,BZP,FECD6,NIL-2-A,ZEB,Zfhep,Zfhx1a"
ZNF521,zinc finger protein 521,COSG65491,18,25061926.0,25352190.0,18q11.2,y,n,ALL,,,L,Dom,"oncogene, fusion",T,PAX5,n,,1,"ZNF521,ENSG00000198795.10,Q96K83,25925,EHZF,Evi3"
