Hugo Symbol,Entrez Gene ID,GRCh37 Isoform,GRCh37 RefSeq,GRCh38 Isoform,GRCh38 RefSeq,Is Oncogene,Is Tumor Suppressor Gene,# of occurrence within resources (Column J-P),OncoKB Annotated,MSK-IMPACT,MSK-HEME,FOUNDATION ONE,FOUNDATION ONE HEME,Vogelstein,COSMIC CGC (v99),Gene Aliases
AMER1,139285,ENST00000330258,NM_152424.3,ENST00000374869,NM_152424.3,No,Yes,7,Yes,Yes,Yes,Yes,Yes,Yes,Yes,"FAM123B, FLJ39827, RP11-403E24.2, WTX"
APC,324,ENST00000257430,NM_000038.5,ENST00000257430,NM_000038.5,No,Yes,7,Yes,Yes,Yes,Yes,Yes,Yes,Yes,"DP2.5, PPP1R46"
ARID1A,8289,ENST00000324856,NM_006015.4,ENST00000324856,NM_006015.4,No,Yes,7,Yes,Yes,Yes,Yes,Yes,Yes,Yes,"B120, BAF250, BAF250a, C10rf4, C1orf4, P270, SMARCF1"
ASXL1,171023,ENST00000375687,NM_015338.5,ENST00000375687,NM_015338.5,No,Yes,7,Yes,Yes,Yes,Yes,Yes,Yes,Yes,KIAA0978
ATM,472,ENST00000278616,NM_000051.3,ENST00000278616,NM_000051.3,No,Yes,7,Yes,Yes,Yes,Yes,Yes,Yes,Yes,"ATA, ATC, ATD, ATDC, TEL1, TELO1"
ATRX,546,ENST00000373344,NM_000489.3,ENST00000373344,NM_000489.3,No,Yes,7,Yes,Yes,Yes,Yes,Yes,Yes,Yes,"JMS, MRX52, RAD54, XH2, XNP"
AXIN1,8312,ENST00000262320,NM_003502.3,ENST00000262320,NM_003502.3,No,Yes,7,Yes,Yes,Yes,Yes,Yes,Yes,Yes,PPP1R49
BAP1,8314,ENST00000460680,NM_004656.3,ENST00000460680,NM_004656.3,No,Yes,7,Yes,Yes,Yes,Yes,Yes,Yes,Yes,"KIAA0272, UCHL2, hucep-6"
BCOR,54880,ENST00000378444,NM_001123385.1,ENST00000378444,NM_001123385.1,No,Yes,7,Yes,Yes,Yes,Yes,Yes,Yes,Yes,"FLJ20285, KIAA1575"
BRCA1,672,ENST00000357654,NM_007294.3,ENST00000357654,NM_007294.3,No,Yes,7,Yes,Yes,Yes,Yes,Yes,Yes,Yes,"FANCS, PPP1R53, RNF53"
BRCA2,675,ENST00000380152,NM_000059.3,ENST00000380152,NM_000059.3,No,Yes,7,Yes,Yes,Yes,Yes,Yes,Yes,Yes,"FAD1, FANCD1, XRCC11"
CBL,867,ENST00000264033,NM_005188.3,ENST00000264033,NM_005188.3,No,Yes,7,Yes,Yes,Yes,Yes,Yes,Yes,Yes,"CBL2, RNF55, c-Cbl"
CDC73,79577,ENST00000367435,NM_024529.4,ENST00000367435,NM_024529.4,No,Yes,7,Yes,Yes,Yes,Yes,Yes,Yes,Yes,"C1orf28, FIHP, HRPT1, HRPT2, parafibromin"
CDH1,999,ENST00000261769,NM_004360.3,ENST00000261769,NM_004360.3,No,Yes,7,Yes,Yes,Yes,Yes,Yes,Yes,Yes,"CD324, UVO, uvomorulin"
CDKN2A,1029,ENST00000304494,NM_000077.4,ENST00000304494,NM_000077.4,No,Yes,7,Yes,Yes,Yes,Yes,Yes,Yes,Yes,"ARF, CDKN2, CMM2, INK4, INK4a, MLM, p14, p14ARF, p16, p16INK4a, p19Arf"
CEBPA,1050,ENST00000498907,NM_004364.3,ENST00000498907,NM_004364.3,No,Yes,7,Yes,Yes,Yes,Yes,Yes,Yes,Yes,"C/EBP-alpha, CEBP"
CIC,23152,ENST00000575354,NM_015125.3,ENST00000575354,NM_015125.3,No,Yes,7,Yes,Yes,Yes,Yes,Yes,Yes,Yes,KIAA0306
CREBBP,1387,ENST00000262367,NM_004380.2,ENST00000262367,NM_004380.2,No,Yes,7,Yes,Yes,Yes,Yes,Yes,Yes,Yes,"KAT3A, RSTS, RTS"
DAXX,1616,ENST00000374542,NM_001141970.1,ENST00000266000,NM_001141970.1,No,Yes,7,Yes,Yes,Yes,Yes,Yes,Yes,Yes,DAP6
DNMT3A,1788,ENST00000264709,NM_022552.4,ENST00000264709,NM_022552.4,No,Yes,7,Yes,Yes,Yes,Yes,Yes,Yes,Yes,
EP300,2033,ENST00000263253,NM_001429.3,ENST00000263253,NM_001429.3,No,Yes,7,Yes,Yes,Yes,Yes,Yes,Yes,Yes,"KAT3B, p300"
EZH2,2146,ENST00000320356,NM_004456.4,ENST00000320356,NM_004456.4,Yes,Yes,7,Yes,Yes,Yes,Yes,Yes,Yes,Yes,"ENX-1, KMT6, KMT6A"
FBXW7,55294,ENST00000281708,NM_033632.3,ENST00000281708,NM_033632.3,No,Yes,7,Yes,Yes,Yes,Yes,Yes,Yes,Yes,"AGO, CDC4, FBW7, FBX30, FBXW6, FLJ11071, SEL-10, SEL10"
FOXL2,668,ENST00000330315,NM_023067.3,ENST00000648323,NM_023067.3,Yes,Yes,7,Yes,Yes,Yes,Yes,Yes,Yes,Yes,"BPES, BPES1"
GATA3,2625,ENST00000346208,NM_002051.2,ENST00000346208,NM_002051.2,Yes,Yes,7,Yes,Yes,Yes,Yes,Yes,Yes,Yes,HDR
HNF1A,6927,ENST00000257555,NM_000545.5,ENST00000257555,NM_000545.5,No,Yes,7,Yes,Yes,Yes,Yes,Yes,Yes,Yes,"HNF1, LFB1, MODY3, TCF1"
JAK1,3716,ENST00000342505,NM_002227.2,ENST00000342505,NM_002227.2,Yes,Yes,7,Yes,Yes,Yes,Yes,Yes,Yes,Yes,"JAK1A, JAK1B, JTK3"
KDM5C,8242,ENST00000375401,NM_004187.3,ENST00000375401,NM_004187.3,No,Yes,7,Yes,Yes,Yes,Yes,Yes,Yes,Yes,"DXS1272E, JARID1C, MRX13, SMCX, XE169"
KDM6A,7403,ENST00000377967,NM_021140.2,ENST00000377967,NM_021140.2,No,Yes,7,Yes,Yes,Yes,Yes,Yes,Yes,Yes,UTX
KMT2D,8085,ENST00000301067,NM_003482.3,ENST00000301067,NM_003482.3,No,Yes,7,Yes,Yes,Yes,Yes,Yes,Yes,Yes,"ALR, CAGL114, MLL2, TNRC21"
MAP3K1,4214,ENST00000399503,NM_005921.1,ENST00000399503,NM_005921.1,No,Yes,7,Yes,Yes,Yes,Yes,Yes,Yes,Yes,"MAPKKK1, MEKK, MEKK1"
MED12,9968,ENST00000374080,NM_005120.2,ENST00000374080,NM_005120.2,Yes,Yes,7,Yes,Yes,Yes,Yes,Yes,Yes,Yes,"ARC240, CAGH45, FGS1, HOPA, KIAA0192, Kto, OKS, TNRC11, TRAP230"
MEN1,4221,ENST00000312049,NM_130799.2,ENST00000312049,NM_130799.2,No,Yes,7,Yes,Yes,Yes,Yes,Yes,Yes,Yes,
MLH1,4292,ENST00000231790,NM_000249.3,ENST00000231790,NM_000249.3,No,Yes,7,Yes,Yes,Yes,Yes,Yes,Yes,Yes,"COCA2, FCC2, HNPCC, HNPCC2"
MSH2,4436,ENST00000233146,NM_000251.2,ENST00000233146,NM_000251.2,No,Yes,7,Yes,Yes,Yes,Yes,Yes,Yes,Yes,"COCA1, HNPCC1"
MSH6,2956,ENST00000234420,NM_000179.2,ENST00000234420,NM_000179.2,No,Yes,7,Yes,Yes,Yes,Yes,Yes,Yes,Yes,GTBP
NF1,4763,ENST00000356175,NM_000267.3,ENST00000356175,NM_000267.3,No,Yes,7,Yes,Yes,Yes,Yes,Yes,Yes,Yes,
NF2,4771,ENST00000338641,NM_000268.3,ENST00000338641,NM_000268.3,No,Yes,7,Yes,Yes,Yes,Yes,Yes,Yes,Yes,"ACN, BANF, SCH, merlin, merlin-1"
NOTCH1,4851,ENST00000277541,NM_017617.3,ENST00000651671,NM_017617.5,Yes,Yes,7,Yes,Yes,Yes,Yes,Yes,Yes,Yes,TAN1
NOTCH2,4853,ENST00000256646,NM_024408.3,ENST00000256646,NM_024408.3,Yes,Yes,7,Yes,Yes,Yes,Yes,Yes,Yes,Yes,
NPM1,4869,ENST00000296930,NM_002520.6,ENST00000296930,NM_002520.6,No,Yes,7,Yes,Yes,Yes,Yes,Yes,Yes,Yes,"B23, NPM"
PAX5,5079,ENST00000358127,NM_016734.2,ENST00000358127,NM_016734.2,Yes,Yes,7,Yes,Yes,Yes,Yes,Yes,Yes,Yes,BSAP
PBRM1,55193,ENST00000394830,NM_018313.4,ENST00000394830,NM_018313.4,No,Yes,7,Yes,Yes,Yes,Yes,Yes,Yes,Yes,"BAF180, PB1"
PIK3R1,5295,ENST00000274335,NM_181523.2,ENST00000521381,NM_181523.2,No,Yes,7,Yes,Yes,Yes,Yes,Yes,Yes,Yes,"GRB1, p85-ALPHA"
PPP2R1A,5518,ENST00000322088,NM_014225.5,ENST00000322088,NM_014225.5,No,Yes,7,Yes,Yes,Yes,Yes,Yes,Yes,Yes,"PP2A-Aalpha, PP2AA, PR65A"
PRDM1,639,ENST00000369096,NM_001198.3,ENST00000369096,NM_001198.3,No,Yes,7,Yes,Yes,Yes,Yes,Yes,Yes,Yes,"BLIMP1, PRDI-BF1"
PTCH1,5727,ENST00000331920,NM_000264.3,ENST00000331920,NM_000264.3,No,Yes,7,Yes,Yes,Yes,Yes,Yes,Yes,Yes,"BCNS, NBCCS, PTCH"
PTEN,5728,ENST00000371953,NM_000314.4,ENST00000371953,NM_000314.4,No,Yes,7,Yes,Yes,Yes,Yes,Yes,Yes,Yes,"BZS, MHAM, MMAC1, PTEN1"
RB1,5925,ENST00000267163,NM_000321.2,ENST00000267163,NM_000321.2,No,Yes,7,Yes,Yes,Yes,Yes,Yes,Yes,Yes,"OSRC, PPP1R130, RB"
RNF43,54894,ENST00000407977,NM_017763.4,ENST00000407977,NM_017763.4,No,Yes,7,Yes,Yes,Yes,Yes,Yes,Yes,Yes,"DKFZp781H0392, FLJ20315, URCC"
SETD2,29072,ENST00000409792,NM_014159.6,ENST00000409792,NM_014159.6,No,Yes,7,Yes,Yes,Yes,Yes,Yes,Yes,Yes,"FLJ23184, HIF-1, HYPB, KIAA1732, KMT3A"
SMAD2,4087,ENST00000262160,NM_001003652.3,ENST00000262160,NM_001003652.3,No,Yes,7,Yes,Yes,Yes,Yes,Yes,Yes,Yes,"JV18-1, MADH2, MADR2"
SMAD4,4089,ENST00000342988,NM_005359.5,ENST00000342988,NM_005359.5,No,Yes,7,Yes,Yes,Yes,Yes,Yes,Yes,Yes,"DPC4, MADH4"
SMARCA4,6597,ENST00000358026,NM_001128849.1,ENST00000646693,NM_001128849.3,No,Yes,7,Yes,Yes,Yes,Yes,Yes,Yes,Yes,"BRG1, FLJ39786, SNF2-BETA, SNF2L4, hSNF2b"
SMARCB1,6598,ENST00000263121,NM_003073.3,ENST00000618915,NM_003073.3,No,Yes,7,Yes,Yes,Yes,Yes,Yes,Yes,Yes,"BAF47, Ini1, PPP1R144, RDT, SNF5, SNF5L1, Sfh1p, Snr1, hSNFS"
SOCS1,8651,ENST00000332029,NM_003745.1,ENST00000332029,NM_003745.1,No,Yes,7,Yes,Yes,Yes,Yes,Yes,Yes,Yes,"Cish1, JAB, SOCS-1, SSI-1, TIP3"
SPOP,8405,ENST00000347630,NM_001007228.1,ENST00000347630,NM_001007228.1,No,Yes,7,Yes,Yes,Yes,Yes,Yes,Yes,Yes,"BTBD32, TEF2"
STAG2,10735,ENST00000218089,NM_001042749.1,ENST00000218089,NM_001042749.1,No,Yes,7,Yes,Yes,Yes,Yes,Yes,Yes,Yes,"SA-2, SA2, SCC3B"
STK11,6794,ENST00000326873,NM_000455.4,ENST00000326873,NM_000455.4,No,Yes,7,Yes,Yes,Yes,Yes,Yes,Yes,Yes,"LKB1, PJS"
TET2,54790,ENST00000380013,NM_001127208.2,ENST00000380013,NM_001127208.2,No,Yes,7,Yes,Yes,Yes,Yes,Yes,Yes,Yes,"FLJ20032, KIAA1546"
TNFAIP3,7128,ENST00000237289,NM_006290.3,ENST00000237289,NM_006290.3,No,Yes,7,Yes,Yes,Yes,Yes,Yes,Yes,Yes,"A20, OTUD7C"
TP53,7157,ENST00000269305,NM_000546.5,ENST00000269305,NM_000546.5,No,Yes,7,Yes,Yes,Yes,Yes,Yes,Yes,Yes,"LFS1, p53"
TSC1,7248,ENST00000298552,NM_000368.4,ENST00000298552,NM_000368.4,No,Yes,7,Yes,Yes,Yes,Yes,Yes,Yes,Yes,"KIAA0243, TSC, hamartin"
VHL,7428,ENST00000256474,NM_000551.3,ENST00000256474,NM_000551.3,No,Yes,7,Yes,Yes,Yes,Yes,Yes,Yes,Yes,VHL1
WT1,7490,ENST00000332351,NM_024426.4,ENST00000452863,NM_024426.4,Yes,Yes,7,Yes,Yes,Yes,Yes,Yes,Yes,Yes,"AWT1, GUD, NPHS4, WAGR, WIT-2"
ARID2,196528,ENST00000334344,NM_152641.2,ENST00000334344,NM_152641.2,No,Yes,6,Yes,Yes,Yes,No,Yes,Yes,Yes,"BAF200, DKFZp686G052, FLJ30619, KIAA1557"
ATR,545,ENST00000350721,NM_001184.3,ENST00000350721,NM_001184.3,No,Yes,6,Yes,Yes,Yes,Yes,Yes,No,Yes,"FRP1, MEC1, SCKL, SCKL1"
B2M,567,ENST00000558401,NM_004048.2,ENST00000559916,NM_004048.2,No,Yes,6,Yes,Yes,Yes,No,Yes,Yes,Yes,
BARD1,580,ENST00000260947,NM_000465.2,ENST00000260947,NM_000465.2,No,Yes,6,Yes,Yes,Yes,Yes,Yes,No,Yes,
BRIP1,83990,ENST00000259008,NM_032043.2,ENST00000259008,NM_032043.2,No,Yes,6,Yes,Yes,Yes,Yes,Yes,No,Yes,FANCJ
CASP8,841,ENST00000358485,NM_001080125.1,ENST00000358485,NM_001080125.1,No,Yes,6,Yes,Yes,Yes,Yes,No,Yes,Yes,"Casp-8, FLICE, MACH, MCH5"
CBFB,865,ENST00000412916,NM_022845.2,ENST00000412916,NM_022845.2,No,Yes,6,Yes,Yes,Yes,Yes,Yes,No,Yes,PEBP2B
CDK12,51755,ENST00000447079,NM_016507.2,ENST00000447079,NM_016507.2,No,Yes,6,Yes,Yes,Yes,Yes,Yes,No,Yes,"CRK7, CRKR, CRKRS, KIAA0904"
CDKN1B,1027,ENST00000228872,NM_004064.3,ENST00000228872,NM_004064.3,No,Yes,6,Yes,Yes,Yes,Yes,Yes,No,Yes,"KIP1, P27KIP1"
CDKN2C,1031,ENST00000262662,NM_078626.2,ENST00000262662,NM_078626.2,No,Yes,6,Yes,Yes,Yes,Yes,Yes,No,Yes,INK4C
CHEK2,11200,ENST00000328354,NM_007194.3,ENST00000404276,NM_007194.3,No,Yes,6,Yes,Yes,Yes,Yes,Yes,No,Yes,"CHK2, HuCds1, PP1425, RAD53, bA444G7"
CTCF,10664,ENST00000264010,NM_006565.3,ENST00000264010,NM_006565.3,No,Yes,6,Yes,Yes,Yes,Yes,Yes,No,Yes,"CFAP108, FAP108"
ETV6,2120,ENST00000396373,NM_001987.4,ENST00000396373,NM_001987.4,No,Yes,6,Yes,Yes,Yes,Yes,Yes,No,Yes,TEL
FANCA,2175,ENST00000389301,NM_000135.2,ENST00000389301,NM_000135.2,No,Yes,6,Yes,Yes,Yes,Yes,Yes,No,Yes,"FA-H, FAA, FACA, FANCH"
FANCC,2176,ENST00000289081,NM_000136.2,ENST00000289081,NM_000136.2,No,Yes,6,Yes,Yes,Yes,Yes,Yes,No,Yes,"FA3, FAC, FACC"
FLCN,201163,ENST00000285071,NM_144997.5,ENST00000285071,NM_144997.5,No,Yes,6,Yes,Yes,Yes,Yes,Yes,No,Yes,"BHD, DENND8B, MGC17998, MGC23445"
FUBP1,8880,ENST00000370768,NM_003902.3,ENST00000370768,NM_003902.3,No,Yes,6,Yes,Yes,Yes,Yes,No,Yes,Yes,FUBP
GATA2,2624,ENST00000341105,NM_032638.4,ENST00000341105,NM_032638.4,Yes,Yes,6,Yes,Yes,Yes,No,Yes,Yes,Yes,NFE1B
KEAP1,9817,ENST00000171111,NM_203500.1,ENST00000171111,NM_203500.1,No,Yes,6,Yes,Yes,Yes,Yes,Yes,No,Yes,"INrf2, KIAA0132, KLHL19, MGC10630, MGC1114, MGC20887, MGC4407, MGC9454"
KMT2A,4297,ENST00000534358,NM_001197104.1,ENST00000534358,NM_001197104.1,No,Yes,6,Yes,Yes,Yes,Yes,Yes,No,Yes,"ALL-1, CXXC7, HRX, HTRX1, MLL, MLL1A, TRX1"
KMT2C,58508,ENST00000262189,NM_170606.2,ENST00000262189,NM_170606.2,No,Yes,6,Yes,Yes,Yes,No,Yes,Yes,Yes,"HALR, KIAA1506, MLL3"
MAP2K4,6416,ENST00000353533,NM_003010.3,ENST00000353533,NM_003010.3,No,Yes,6,Yes,Yes,Yes,Yes,Yes,No,Yes,"JNKK1, MEK4, MKK4, PRKMK4, SERK1"
MITF,4286,ENST00000394351,NM_000248.3,ENST00000394351,NM_000248.4,Yes,Yes,6,Yes,Yes,Yes,Yes,Yes,No,Yes,"MI, WS2, WS2A, bHLHe32"
MUTYH,4595,ENST00000372115,NM_001048171.1,ENST00000372115,NM_001048171.1,No,Yes,6,Yes,Yes,Yes,Yes,Yes,No,Yes,MYH
PALB2,79728,ENST00000261584,NM_024675.3,ENST00000261584,NM_024675.3,No,Yes,6,Yes,Yes,Yes,Yes,Yes,No,Yes,"FANCN, FLJ21816"
PHF6,84295,ENST00000332070,NM_001015877.1,ENST00000332070,NM_001015877.1,No,Yes,6,Yes,Yes,Yes,No,Yes,Yes,Yes,"BFLS, BORJ, CENP-31, KIAA1823, MGC14797"
PRKAR1A,5573,ENST00000358598,NM_212471.2,ENST00000358598,NM_212471.2,No,Yes,6,Yes,Yes,Yes,Yes,Yes,No,Yes,"CNC1, PRKAR1, TSE1"
RAD21,5885,ENST00000297338,NM_006265.2,ENST00000297338,NM_006265.2,No,Yes,6,Yes,Yes,Yes,Yes,Yes,No,Yes,"KIAA0078, SCC1, hHR21"
RUNX1,861,ENST00000300305,NM_001754.4,ENST00000300305,NM_001754.4,No,Yes,6,Yes,Yes,Yes,No,Yes,Yes,Yes,"AML1, AMLCR1, CBFA2, PEBP2A2"
SDHA,6389,ENST00000264932,NM_004168.2,ENST00000264932,NM_004168.2,No,Yes,6,Yes,Yes,Yes,Yes,Yes,No,Yes,"FP, SDH2, SDHF"
SDHB,6390,ENST00000375499,NM_003000.2,ENST00000375499,NM_003000.2,No,Yes,6,Yes,Yes,Yes,Yes,Yes,No,Yes,"SDH, SDH1"
SDHC,6391,ENST00000367975,NM_003001.3,ENST00000367975,NM_003001.3,No,Yes,6,Yes,Yes,Yes,Yes,Yes,No,Yes,"CYB560, PGL3, cybL"
SDHD,6392,ENST00000375549,NM_003002.3,ENST00000375549,NM_003002.3,No,Yes,6,Yes,Yes,Yes,Yes,Yes,No,Yes,"PGL, PGL1, cybS"
SPEN,23013,ENST00000375759,NM_015001.2,ENST00000375759,NM_015001.2,No,Yes,6,Yes,Yes,Yes,Yes,Yes,No,Yes,"KIAA0929, MINT, RBM15C, SHARP"
SUFU,51684,ENST00000369902,NM_016169.3,ENST00000369902,NM_016169.3,No,Yes,6,Yes,Yes,Yes,Yes,Yes,No,Yes,"PRO1280, SUFUH, SUFUXL"
TENT5C,54855,ENST00000369448,NM_017709.3,ENST00000369448,NM_017709.3,No,Yes,6,Yes,Yes,Yes,Yes,Yes,No,Yes,"FAM46C, FLJ20202"
TGFBR2,7048,ENST00000295754,NM_003242.5,ENST00000295754,NM_003242.6,No,Yes,6,Yes,Yes,Yes,Yes,Yes,No,Yes,"MFS2, TBR-ii, TBRII"
TNFRSF14,8764,ENST00000355716,NM_003820.2,ENST00000355716,NM_003820.2,No,Yes,6,Yes,Yes,Yes,Yes,Yes,No,Yes,"ATAR, CD270, HVEA, HVEM, LIGHTR"
TSC2,7249,ENST00000219476,NM_000548.3,ENST00000219476,NM_000548.3,No,Yes,6,Yes,Yes,Yes,Yes,Yes,No,Yes,"LAM, PPP1R160, TSC4, tuberin"
ARID1B,57492,ENST00000346085,NM_020732.3,ENST00000647938,NM_020732.3,No,Yes,5,Yes,Yes,Yes,No,No,Yes,Yes,"6A3-5, BAF250b, DAN15, ELD/OSA1, KIAA1235, p250R"
BCL10,8915,ENST00000370580,NM_003921.4,ENST00000648566,NM_003921.4,No,Yes,5,Yes,Yes,Yes,No,Yes,No,Yes,"CIPER, CLAP, c-E10, mE10"
BCORL1,63035,ENST00000218147,,ENST00000218147,NM_021946.4,No,Yes,5,Yes,No,Yes,Yes,Yes,No,Yes,"CXorf10, FLJ11362"
BIRC3,330,ENST00000263464,NM_182962.2,ENST00000263464,NM_182962.2,Yes,Yes,5,Yes,Yes,Yes,No,Yes,No,Yes,"API2, MALT2, MIHC, RNF49, c-IAP2, cIAP2, hiap-1"
BLM,641,ENST00000355112,NM_000057.2,ENST00000355112,NM_000057.2,No,Yes,5,Yes,Yes,Yes,No,Yes,No,Yes,"BS, RECQ2, RECQL3"
BTG1,694,ENST00000256015,NM_001731.2,ENST00000256015,NM_001731.2,No,Yes,5,Yes,No,Yes,Yes,Yes,No,Yes,APRO2
CDKN2B,1030,ENST00000276925,NM_004936.3,ENST00000276925,NM_004936.3,No,Yes,5,Yes,Yes,Yes,Yes,Yes,No,No,"CDK4I, INK4B, MTS2, P15, TP15, p15INK4b"
CHEK1,1111,ENST00000428830,NM_001274.5,ENST00000428830,NM_001274.5,No,Yes,5,Yes,Yes,Yes,Yes,Yes,No,No,CHK1
CYLD,1540,ENST00000398568,NM_001042355.1,ENST00000398568,NM_001042355.1,No,Yes,5,Yes,Yes,Yes,No,No,Yes,Yes,"CYLD1, KIAA0849, USPL2"
EED,8726,ENST00000263360,NM_003797.3,ENST00000263360,NM_003797.3,No,Yes,5,Yes,Yes,Yes,Yes,Yes,No,No,"HEED, WAIT-1"
EPHA3,2042,ENST00000336596,NM_005233.5,ENST00000336596,NM_005233.5,No,Yes,5,Yes,Yes,Yes,Yes,Yes,No,No,"ETK, ETK1, HEK, HEK4, TYRO4"
EPHB1,2047,ENST00000398015,NM_004441.4,ENST00000398015,NM_004441.4,Yes,Yes,5,Yes,Yes,Yes,Yes,Yes,No,No,"EPHT2, Hek6"
ERCC4,2072,ENST00000311895,NM_005236.2,ENST00000311895,NM_005236.2,No,Yes,5,Yes,Yes,Yes,Yes,No,No,Yes,"FANCQ, XPF"
FAS,355,ENST00000355740,NM_000043.4,ENST00000652046,NM_000043.6,No,Yes,5,Yes,No,Yes,Yes,Yes,No,Yes,"APO-1, APT1, CD95, FAS1, TNFRSF6"
FH,2271,ENST00000366560,NM_000143.3,ENST00000366560,NM_000143.3,No,Yes,5,Yes,Yes,Yes,Yes,No,No,Yes,
FOXO1,2308,ENST00000379561,NM_002015.3,ENST00000379561,NM_002015.3,No,Yes,5,Yes,Yes,Yes,No,Yes,No,Yes,"FKH1, FKHR, FOXO1A"
FOXP1,27086,ENST00000318789,NM_001244814.1,ENST00000318789,NM_001244814.1,Yes,Yes,5,Yes,Yes,Yes,No,Yes,No,Yes,"12CC4, HSPC215, QRF1, hFKH1B"
GRIN2A,2903,ENST00000330684,NM_001134407.1,ENST00000330684,NM_001134407.1,No,Yes,5,Yes,Yes,Yes,No,Yes,No,Yes,"GluN2A, NMDAR2A"
ID3,3399,ENST00000374561,NM_002167.4,ENST00000374561,NM_002167.4,No,Yes,5,Yes,Yes,Yes,Yes,Yes,No,No,"HEIR-1, bHLHb25"
INPP4B,8821,ENST00000262992,NM_001101669.1,ENST00000262992,NM_001101669.1,No,Yes,5,Yes,Yes,Yes,Yes,Yes,No,No,
KLF4,9314,ENST00000374672,NM_004235.4,ENST00000374672,NM_004235.4,Yes,Yes,5,Yes,Yes,Yes,No,No,Yes,Yes,"EZF, GKLF"
MRE11,4361,ENST00000323929,NM_005591.3,ENST00000323929,NM_005591.3,No,Yes,5,Yes,Yes,Yes,Yes,Yes,No,No,"ATLD, MRE11A"
MSH3,4437,ENST00000265081,NM_002439.4,ENST00000265081,NM_002439.4,No,Yes,5,Yes,Yes,Yes,Yes,Yes,No,No,
NBN,4683,ENST00000265433,NM_002485.4,ENST00000265433,NM_002485.4,No,Yes,5,Yes,Yes,Yes,Yes,No,No,Yes,"AT-V1, AT-V2, ATV, NBS, NBS1"
NCOR1,9611,ENST00000268712,NM_006311.3,ENST00000268712,NM_006311.3,No,Yes,5,Yes,Yes,Yes,No,No,Yes,Yes,"KIAA1047, MGC104216, N-CoR, PPP1R109, TRAC1, hCIT529I10, hN-CoR"
NFKBIA,4792,ENST00000216797,NM_020529.2,ENST00000216797,NM_020529.2,No,Yes,5,Yes,Yes,Yes,Yes,Yes,No,No,"IKBA, IkappaBalpha, MAD-3, NFKBI"
NSD1,64324,ENST00000439151,NM_022455.4,ENST00000439151,NM_022455.4,Yes,Yes,5,Yes,Yes,Yes,No,Yes,No,Yes,"ARA267, FLJ22263, KMT3B, STO"
P2RY8,286530,ENST00000381297,NM_178129.4,ENST00000381297,NM_178129.4,No,Yes,5,Yes,No,Yes,Yes,Yes,No,Yes,P2Y8
PMS2,5395,ENST00000265849,NM_000535.5,ENST00000265849,NM_000535.5,No,Yes,5,Yes,Yes,Yes,Yes,No,No,Yes,"HNPCC4, H_DJ0042M02.9, MLH4, PMSL2"
POLD1,5424,ENST00000440232,NM_002691.3,ENST00000440232,NM_002691.3,No,Yes,5,Yes,Yes,Yes,Yes,No,No,Yes,POLD
POLE,5426,ENST00000320574,NM_006231.2,ENST00000320574,NM_006231.2,No,Yes,5,Yes,Yes,Yes,Yes,No,No,Yes,POLE1
POT1,25913,ENST00000357628,NM_015450.2,ENST00000357628,NM_015450.2,No,Yes,5,Yes,Yes,Yes,No,Yes,No,Yes,"DKFZp586D211, hPot1"
RAD50,10111,ENST00000265335,NM_005732.3,ENST00000378823,NM_005732.3,No,Yes,5,Yes,Yes,Yes,No,Yes,No,Yes,"RAD50-2, hRad50"
RAD51,5888,ENST00000267868,NM_002875.4,ENST00000267868,NM_002875.4,No,Yes,5,Yes,Yes,Yes,Yes,Yes,No,No,"BRCC5, FANCR, HsRad51, HsT16930, RAD51A, RECA"
RAD51B,5890,ENST00000487270,NM_133509.3,ENST00000487270,NM_133509.3,No,Yes,5,Yes,Yes,Yes,Yes,No,No,Yes,"R51H2, RAD51L1, REC2, hREC2"
RBM10,8241,ENST00000329236,NM_001204468.1,ENST00000628161,NM_001204468.1,No,Yes,5,Yes,Yes,Yes,Yes,No,No,Yes,"DXS8237E, GPATC9, GPATCH9, KIAA0122, S1-1, ZRANB5"
SOX9,6662,ENST00000245479,NM_000346.3,ENST00000245479,NM_000346.3,Yes,Yes,5,Yes,Yes,Yes,Yes,No,Yes,No,"CMD1, CMPD1"
SUZ12,23512,ENST00000322652,NM_015355.2,ENST00000322652,NM_015355.2,No,Yes,5,Yes,Yes,Yes,No,Yes,No,Yes,"CHET9, JJAZ1, KIAA0160"
TBX3,6926,ENST00000257566,NM_016569.3,ENST00000257566,NM_016569.3,No,Yes,5,Yes,Yes,Yes,Yes,No,No,Yes,"TBX3-ISO, UMS, XHL"
TCF3,6929,ENST00000344749,NM_001136139.2,ENST00000588136,NM_001136139.2,No,Yes,5,Yes,Yes,Yes,No,Yes,No,Yes,"E2A, E47, ITF1, MGC129647, MGC129648, VDIR, bHLHb21"
TET1,80312,ENST00000373644,NM_030625.2,ENST00000373644,NM_030625.2,No,Yes,5,Yes,Yes,Yes,No,Yes,No,Yes,"CXXC6, KIAA1676, LCX, bA119F7.1"
TP63,8626,ENST00000264731,NM_003722.4,ENST00000264731,NM_003722.4,Yes,Yes,5,Yes,Yes,Yes,No,Yes,No,Yes,"EEC3, KET, OFC8, SHFM4, TP53CP, TP53L, TP73L, p53CP, p63, p73H, p73L"
ACVR1B,91,ENST00000257963,NM_004302,ENST00000257963,NM_004302,No,Yes,4,Yes,No,No,Yes,No,Yes,Yes,"ACVRLK4, ALK4, ActRIB, SKR2"
ALOX12B,242,ENST00000319144,NM_001139.2,ENST00000647874,NM_001139.2,Yes,Yes,4,Yes,Yes,Yes,Yes,No,No,No,12R-LOX
AXIN2,8313,ENST00000307078,NM_004655.3,ENST00000307078,NM_004655.3,No,Yes,4,Yes,Yes,Yes,No,No,No,Yes,"DKFZp781B0869, MGC126582"
BCL11B,64919,ENST00000357195,NM_138576.3,ENST00000357195,NM_138576.3,No,Yes,4,Yes,No,Yes,No,Yes,No,Yes,"CTIP-2, CTIP2, ZNF856B, hRIT1-alpha"
BMPR1A,657,ENST00000372037,NM_004329.2,ENST00000372037,NM_004329.2,No,Yes,4,Yes,Yes,Yes,No,No,No,Yes,"ACVRLK3, ALK3, CD292"
CDKN1A,1026,ENST00000244741,NM_078467.2,ENST00000244741,NM_078467.2,No,Yes,4,Yes,Yes,Yes,Yes,No,No,No,"CAP20, CDKN1, SDI1, WAF1, p21CIP1, p21Cip1/Waf1"
CIITA,4261,ENST00000324288,NM_001286402,ENST00000324288,NM_000246.3,No,Yes,4,Yes,No,Yes,No,Yes,No,Yes,"MHC2TA, NLRA"
CUL3,8452,ENST00000264414,NM_003590.4,ENST00000264414,NM_003590.4,No,Yes,4,Yes,Yes,Yes,Yes,No,No,No,
CUX1,1523,ENST00000292535,NM_181552.3,ENST00000292535,NM_181552.3,No,Yes,4,Yes,No,Yes,No,Yes,No,Yes,"CDP, CDP/Cut, CDP/Cux, CDP1, CUT, CUTL1, CUX, Clox, Cux/CDP, GOLIM6"
DDX3X,1654,ENST00000399959,NM_001356.4,ENST00000478993,NM_001356.4,No,Yes,4,Yes,No,Yes,No,Yes,No,Yes,"DBX, DDX14, DDX3"
DICER1,23405,ENST00000393063,NM_177438.2,ENST00000393063,NM_177438.2,No,Yes,4,Yes,Yes,Yes,No,No,No,Yes,"Dicer, HERNA, K12H4.8-LIKE, KIAA0928, MNG1"
DIS3,22894,ENST00000377767,NM_014953.3,ENST00000377767,NM_014953.3,No,Yes,4,Yes,Yes,Yes,Yes,No,No,No,"EXOSC11, KIAA1008, RRP44, dis3p"
EPHA7,2045,ENST00000369303,NM_004440.3,ENST00000369303,NM_004440.3,Yes,Yes,4,Yes,Yes,Yes,No,Yes,No,No,Hek11
ERCC2,2068,ENST00000391945,NM_000400.3,ENST00000391945,NM_000400.3,No,Yes,4,Yes,Yes,Yes,No,No,No,Yes,"EM9, MGC102762, MGC126218, MGC126219, XPD"
ERCC3,2071,ENST00000285398,NM_000122.1,ENST00000285398,NM_000122.1,No,Yes,4,Yes,Yes,Yes,No,No,No,Yes,"RAD25, XPB"
ERCC5,2073,ENST00000355739,NM_000123.3,ENST00000652225,NM_000123.4,No,Yes,4,Yes,Yes,Yes,No,No,No,Yes,"ERCM2, XPGC"
ERRFI1,54206,ENST00000377482,NM_018948.3,ENST00000377482,NM_018948.3,No,Yes,4,Yes,Yes,Yes,Yes,No,No,No,"GENE-33, MIG-6, RALT"
FANCD2,2177,ENST00000383807,NM_001018115.1,ENST00000675286,NM_001018115.1,No,Yes,4,Yes,No,Yes,No,Yes,No,Yes,"FA-D2, FACD, FANCD"
FANCG,2189,ENST00000378643,NM_004629,ENST00000378643,NM_004629,No,Yes,4,Yes,No,No,Yes,Yes,No,Yes,"FAG, XRCC9"
FAT1,2195,ENST00000441802,NM_005245.3,ENST00000441802,NM_005245.3,No,Yes,4,Yes,Yes,Yes,No,No,No,Yes,"CDHF7, CDHR8, FAT"
FBXO11,80204,ENST00000403359,NM_001190274.1,ENST00000403359,NM_001190274.1,No,Yes,4,Yes,No,Yes,No,Yes,No,Yes,"FBX11, UBR6"
FOXA1,3169,ENST00000250448,NM_004496.3,ENST00000250448,NM_004496.3,Yes,Yes,4,Yes,Yes,Yes,No,No,No,Yes,HNF3A
GNA13,10672,ENST00000439174,NM_006572.5,ENST00000439174,NM_006572.5,Yes,Yes,4,Yes,No,Yes,Yes,Yes,No,No,"G13, MGC46138"
HLA-A,3105,ENST00000376809,NM_001242758.1,ENST00000376809,NM_001242758.1,No,Yes,4,Yes,Yes,Yes,No,No,No,Yes,
IKZF3,22806,ENST00000346872,NM_012481.4,ENST00000346872,NM_012481.4,Yes,Yes,4,Yes,No,Yes,No,Yes,No,Yes,"Aiolos, ZNFN1A3"
INHBA,3624,ENST00000242208,NM_002192.2,ENST00000242208,NM_002192.2,Yes,Yes,4,Yes,Yes,Yes,No,Yes,No,No,
LATS1,9113,ENST00000253339,NM_004690.3,ENST00000253339,NM_004690.3,No,Yes,4,Yes,Yes,Yes,No,No,No,Yes,WARTS
LATS2,26524,ENST00000382592,NM_014572.2,ENST00000382592,NM_014572.2,No,Yes,4,Yes,Yes,Yes,No,No,No,Yes,
MAX,4149,ENST00000358664,NM_002382.4,ENST00000358664,NM_002382.4,No,Yes,4,Yes,Yes,Yes,No,No,No,Yes,"bHLHd4, bHLHd5, bHLHd6, bHLHd7, bHLHd8"
MYOD1,4654,ENST00000250003,NM_002478.4,ENST00000250003,NM_002478.4,No,Yes,4,Yes,Yes,Yes,No,No,No,Yes,"MYF3, MYOD, bHLHc1"
NOTCH3,4854,ENST00000263388,NM_000435.2,ENST00000263388,NM_000435.2,Yes,Yes,4,Yes,Yes,Yes,Yes,No,No,No,"CADASIL, CASIL"
PARP1,142,ENST00000366794,NM_001618.3,ENST00000366794,NM_001618.3,No,Yes,4,Yes,Yes,Yes,Yes,No,No,No,"ADPRT, ARTD1, PARP, PPOL"
PHOX2B,8929,ENST00000226382,NM_003924.3,ENST00000226382,NM_003924.3,No,Yes,4,Yes,Yes,Yes,No,No,No,Yes,"NBPhox, PMX2B"
PIK3R2,5296,ENST00000222254,NM_005027.3,ENST00000222254,NM_005027.3,No,Yes,4,Yes,Yes,Yes,No,Yes,No,No,P85B
PPP6C,5537,ENST00000373547,NM_002721.4,ENST00000373547,NM_002721.4,No,Yes,4,Yes,Yes,Yes,No,No,No,Yes,PP6
PRKN,5071,ENST00000366898,NM_004562.2,ENST00000366898,NM_004562.2,No,Yes,4,Yes,Yes,Yes,Yes,No,No,No,"AR-JP, PARK2, PDJ, parkin"
PTPRT,11122,ENST00000373198,NM_133170.3,ENST00000373198,NM_133170.3,No,Yes,4,Yes,Yes,Yes,No,No,No,Yes,"KIAA0283, RPTPrho"
RAD51C,5889,ENST00000337432,NM_058216.2,ENST00000337432,NM_058216.2,No,Yes,4,Yes,Yes,Yes,Yes,No,No,No,"FANCO, RAD51L2"
RAD51D,5892,ENST00000345365,NM_002878.3,ENST00000345365,NM_002878.3,No,Yes,4,Yes,Yes,Yes,Yes,No,No,No,"HsTRAD, R51H3, RAD51L3, Trad"
RECQL4,9401,ENST00000428558,NM_004260.3,ENST00000617875,NM_004260.4,No,Yes,4,Yes,Yes,Yes,No,No,No,Yes,RecQ4
SDHAF2,54949,ENST00000301761,NM_017841.2,ENST00000301761,NM_017841.2,No,Yes,4,Yes,Yes,Yes,No,No,No,Yes,"C11orf79, FLJ20487, PGL2, SDH5"
SH2B3,10019,ENST00000341259,NM_005475.2,ENST00000341259,NM_005475.2,No,Yes,4,Yes,Yes,Yes,No,No,No,Yes,"IDDM20, LNK"
SMAD3,4088,ENST00000327367,NM_005902.3,ENST00000327367,NM_005902.3,No,Yes,4,Yes,Yes,Yes,No,No,No,Yes,"HsT17436, JV15-2, MADH3"
TCF7L2,6934,ENST00000543371,NM_001146274.1,ENST00000627217,NM_001146274.1,No,Yes,4,Yes,Yes,Yes,No,No,No,Yes,TCF-4
TMEM127,55654,ENST00000258439,NM_001193304.2,ENST00000258439,NM_001193304.2,No,Yes,4,Yes,Yes,Yes,No,No,No,Yes,"FLJ20507, FLJ22257"
XRCC2,7516,ENST00000359321,NM_005431.1,ENST00000359321,NM_005431.1,No,Yes,4,Yes,Yes,Yes,Yes,No,No,No,FANCU
ZFHX3,463,ENST00000268489,NM_006885.3,ENST00000268489,NM_006885.3,No,Yes,4,Yes,Yes,Yes,No,No,No,Yes,"ATBF1, C16orf47, FLJ26184, ZNF927"
ABRAXAS1,84142,ENST00000321945,NM_139076.2,ENST00000321945,NM_139076.2,No,Yes,3,Yes,Yes,Yes,No,No,No,No,"ABRA1, ABRAXAS, CCDC98, FAM175A, FLJ13614"
AFDN,4301,ENST00000447894,XM_005266996,ENST00000447894,XM_005266996,No,Yes,3,Yes,No,No,No,Yes,No,Yes,"AF-6, AF6, MLLT4"
ANKRD11,29123,ENST00000301030,NM_013275.5,ENST00000301030,NM_013275.5,No,Yes,3,Yes,Yes,Yes,No,No,No,No,"LZ16, T13"
ARHGAP26,23092,ENST00000274498,NM_015071,ENST00000274498,NM_015071,Yes,Yes,3,Yes,No,No,No,Yes,No,Yes,"GRAF, KIAA0621, OPHN1L, OPHN1L1"
ARHGAP35,2909,ENST00000404338,NM_004491.4,ENST00000404338,NM_004491.4,Yes,Yes,3,Yes,Yes,No,No,No,No,Yes,"GRF-1, GRLF1, KIAA1722, P190A, p190ARhoGAP, p190RhoGAP"
ARHGEF12,23365,ENST00000397843,NM_015313,ENST00000397843,NM_015313,Yes,Yes,3,Yes,No,No,No,Yes,No,Yes,"KIAA0382, LARG"
ARID5B,84159,ENST00000279873,NM_032199.2,ENST00000279873,NM_032199.2,No,Yes,3,Yes,Yes,Yes,No,No,No,No,"FLJ21150, MRF2"
ASXL2,55252,ENST00000435504,NM_018263.4,ENST00000435504,NM_018263.4,No,Yes,3,Yes,Yes,Yes,No,No,No,No,"ASXH2, FLJ10898, KIAA1685"
BBC3,27113,ENST00000449228,NM_001127240.2,ENST00000449228,NM_001127240.2,No,Yes,3,Yes,Yes,Yes,No,No,No,No,"JFY1, PUMA"
BCL2L11,10018,ENST00000393256,NM_138621.4,ENST00000393256,NM_138621.4,No,Yes,3,Yes,Yes,Yes,No,No,No,No,"BIM, BOD, BimEL, BimL, BimS"
BCL7A,605,ENST00000261822,NM_001024808,ENST00000261822,NM_001024808,No,Yes,3,Yes,No,No,No,Yes,No,Yes,BCL7
BTG2,7832,ENST00000290551,NM_006763,ENST00000290551,NM_006763,No,Yes,3,Yes,No,No,Yes,Yes,No,No,"APRO1, MGC126063, MGC126064, TIS21"
CAMTA1,23261,ENST00000303635,NM_015215,ENST00000303635,NM_015215,No,Yes,3,Yes,No,No,No,Yes,No,Yes,KIAA0833
CBFA2T3,863,ENST00000268679,NM_005187,ENST00000268679,NM_005187,No,Yes,3,Yes,No,No,No,Yes,No,Yes,"ETO2, MTG16, MTGR2, RUNX1T3, ZMYND4"
CCNQ,92002,ENST00000576892,NM_152274.4,ENST00000576892,NM_152274.4,No,Yes,3,Yes,Yes,Yes,No,No,No,No,"CycM, FAM58A"
CD58,965,ENST00000369489,NM_001779.2,ENST00000369489,NM_001779.2,No,Yes,3,Yes,No,Yes,No,Yes,No,No,LFA3
COP1,64326,ENST00000367669,NM_022457.5,ENST00000367669,NM_022457.5,Yes,Yes,3,Yes,Yes,Yes,No,No,No,No,"CFAP78, FAP78, FLJ10416, RFWD2, RNF200"
CTNNA1,1495,ENST00000302763,NM_001903,ENST00000302763,NM_001903,No,Yes,3,Yes,No,No,Yes,Yes,No,No,CAP102
DNMT3B,1789,ENST00000328111,NM_006892.3,ENST00000328111,NM_006892.3,No,Yes,3,Yes,Yes,Yes,No,No,No,No,
DTX1,1840,ENST00000257600,NM_004416.2,ENST00000257600,NM_004416.2,No,Yes,3,Yes,No,Yes,No,Yes,No,No,"RNF140, hDx-1"
DUSP22,56940,ENST00000344450,NM_020185.4,ENST00000344450,NM_020185.4,No,Yes,3,Yes,No,Yes,No,Yes,No,No,"JKAP, JSP1, MKPX, VHX"
DUSP4,1846,ENST00000240100,NM_001394.6,ENST00000240100,NM_001394.6,No,Yes,3,Yes,Yes,Yes,No,No,No,No,"HVH2, MKP-2, TYP"
ELF3,1999,ENST00000359651,NM_004433.4,ENST00000359651,NM_004433.4,Yes,Yes,3,Yes,Yes,Yes,No,No,No,No,"EPR-1, ERT, ESE-1, ESX"
EPCAM,4072,ENST00000263735,NM_002354.2,ENST00000263735,NM_002354.2,No,Yes,3,Yes,Yes,Yes,No,No,No,No,"17-1A, 323/A3, CD326, CO-17A, EGP-2, EGP34, EGP40, Ep-CAM, GA733-2, HEA125, KS1/4, KSA, Ly74, M4S1, MH99, MIC18, MK-1, MOC31, TACST-1, TACSTD1, TROP1"
ERF,2077,ENST00000222329,NM_006494.2,ENST00000222329,NM_006494.2,No,Yes,3,Yes,Yes,Yes,No,No,No,No,"PE-2, PE2"
FANCE,2178,ENST00000229769,NM_021922,ENST00000229769,NM_021922,No,Yes,3,Yes,No,No,No,Yes,No,Yes,"FACE, FAE"
FANCF,2188,ENST00000327470,NM_022725,ENST00000327470,NM_022725,No,Yes,3,Yes,No,No,No,Yes,No,Yes,
FANCL,55120,ENST00000233741,NM_018062.3,ENST00000233741,NM_018062.3,No,Yes,3,Yes,No,No,Yes,Yes,No,No,"FAAP43, FLJ10335, PHF9, Pog"
FGF14,2259,ENST00000376143,NM_004115,ENST00000376143,NM_004115,No,Yes,3,Yes,No,No,Yes,Yes,No,No,"FHF4, SCA27"
FHIT,2272,ENST00000468189,NM_001166243,ENST00000492590,NM_002012,No,Yes,3,Yes,No,No,No,Yes,No,Yes,FRA3B
GPS2,2874,ENST00000380728,NM_004489.4,ENST00000380728,NM_004489.4,No,Yes,3,Yes,Yes,Yes,No,No,No,No,
H1-3,3007,ENST00000244534,NM_005320.2,ENST00000244534,NM_005320.2,No,Yes,3,Yes,No,Yes,No,Yes,No,No,"H1.3, H1F3, H1d, H1s-2, HIST1H1D"
HDAC4,9759,ENST00000345617,NM_006037.3,ENST00000345617,NM_006037.3,Yes,Yes,3,Yes,No,Yes,No,Yes,No,No,"BDMR, HA6116, HD4, HDAC-4, HDAC-A, HDACA, KIAA0288"
HLA-B,3106,ENST00000412585,NM_005514.6,ENST00000412585,NM_005514.6,No,Yes,3,Yes,Yes,Yes,No,No,No,No,AS
HOXA11,3207,ENST00000006015,NM_005523,ENST00000006015,NM_005523,No,Yes,3,Yes,No,No,No,Yes,No,Yes,"HOX1, HOX1I"
HOXB13,10481,ENST00000290295,NM_006361.5,ENST00000290295,NM_006361.5,Yes,Yes,3,Yes,Yes,Yes,No,No,No,No,
IFNGR1,3459,ENST00000367739,NM_000416.2,ENST00000367739,NM_000416.2,No,Yes,3,Yes,Yes,Yes,No,No,No,No,"CD119, IFNGR"
INHA,3623,ENST00000243786,NM_002191.3,ENST00000243786,NM_002191.3,No,Yes,3,Yes,Yes,Yes,No,No,No,No,
INPPL1,3636,ENST00000298229,NM_001567.3,ENST00000298229,NM_001567.3,No,Yes,3,Yes,Yes,Yes,No,No,No,No,SHIP2
IRF1,3659,ENST00000245414,NM_002198.2,ENST00000245414,NM_002198.2,No,Yes,3,Yes,No,Yes,No,Yes,No,No,MAR
IRF8,3394,ENST00000268638,NM_002163.2,ENST00000268638,NM_002163.2,No,Yes,3,Yes,No,Yes,No,Yes,No,No,"ICSBP, ICSBP1, IRF-8"
JARID2,3720,ENST00000341776,NM_004973.3,ENST00000341776,NM_004973.3,Yes,Yes,3,Yes,No,Yes,No,Yes,No,No,JMJ
KLHL6,89857,ENST00000341319,NM_130446,ENST00000341319,NM_130446,Yes,Yes,3,Yes,No,No,Yes,Yes,No,No,FLJ00029
KMT2B,9757,ENST00000222270,NM_014727.1,ENST00000420124,NM_014727.3,No,Yes,3,Yes,Yes,Yes,No,No,No,No,"CXXC10, HRX2, KIAA0304, MLL1B, MLL4, TRX2, WBP7"
LRP1B,53353,ENST00000389484,NM_018557,ENST00000389484,NM_018557,No,Yes,3,Yes,No,No,No,Yes,No,Yes,"LRP-DIT, LRPDIT"
LZTR1,8216,ENST00000215739,NM_006767.3,ENST00000646124,NM_006767.3,No,Yes,3,Yes,Yes,No,No,No,No,Yes,"BTBD29, LZTR-1"
MGA,23269,ENST00000219905,NM_001164273.1,ENST00000219905,NM_001164273.1,No,Yes,3,Yes,Yes,Yes,No,No,No,No,"FLJ12634, KIAA0518, MAD5, MXD5"
MST1,4485,ENST00000449682,NM_020998.3,ENST00000449682,NM_020998.3,No,Yes,3,Yes,Yes,Yes,No,No,No,No,"D3F15S2, DNF15S2, HGFL, NF15S2"
MTAP,4507,ENST00000380172,NM_002451.3,ENST00000644715,NM_002451.3,No,Yes,3,Yes,Yes,No,Yes,No,No,No,"MSAP, c86fus"
MYH11,4629,ENST00000300036,NM_002474,ENST00000300036,NM_002474,No,Yes,3,Yes,No,No,No,Yes,No,Yes,"SMHC, SMMHC"
NKX3-1,4824,ENST00000380871,NM_006167.3,ENST00000380871,NM_006167.3,No,Yes,3,Yes,Yes,Yes,No,No,No,No,"BAPX2, NKX3.1, NKX3A"
NOTCH4,4855,ENST00000375023,NM_004557.3,ENST00000375023,NM_004557.3,Yes,Yes,3,Yes,Yes,Yes,No,No,No,No,INT3
NTHL1,4913,ENST00000219066,NM_002528.5,ENST00000219066,NM_002528.5,No,Yes,3,Yes,Yes,Yes,No,No,No,No,"NTH1, OCTS3"
PIK3R3,8503,ENST00000262741,NM_003629.3,ENST00000262741,NM_003629.3,No,Yes,3,Yes,Yes,Yes,No,No,No,No,
PMAIP1,5366,ENST00000316660,NM_021127.2,ENST00000316660,NM_021127.2,No,Yes,3,Yes,Yes,Yes,No,No,No,No,NOXA
PML,5371,ENST00000268058,NM_033238,ENST00000268058,NM_033238,No,Yes,3,Yes,No,No,No,Yes,No,Yes,"MYL, RNF71, TRIM19"
PMS1,5378,ENST00000441310,NM_000534.4,ENST00000441310,NM_000534.4,No,Yes,3,Yes,Yes,Yes,No,No,No,No,"MLH2, PMSL1"
PTPN2,5771,ENST00000309660,NM_002828.3,ENST00000309660,NM_002828.3,No,Yes,3,Yes,No,Yes,No,Yes,No,No,"PTPT, TC-PTP, TCELLPTP, TCPTP"
PTPRD,5789,ENST00000356435,NM_002839.3,ENST00000356435,NM_002839.3,No,Yes,3,Yes,Yes,Yes,No,No,No,No,"HPTP, PTPD"
PTPRS,5802,ENST00000357368,NM_002850.3,ENST00000587303,NM_002850.3,No,Yes,3,Yes,Yes,Yes,No,No,No,No,
QKI,9444,ENST00000361752,NM_006775,ENST00000361752,NM_006775,No,Yes,3,Yes,No,No,Yes,No,No,Yes,QK3
RASA1,5921,ENST00000274376,NM_002890.2,ENST00000274376,NM_002890.2,No,Yes,3,Yes,Yes,Yes,No,No,No,No,"CM-AVM, GAP, RASA, p120GAP, p120RASGAP"
RBM15,64783,ENST00000369784,NM_022768.4,ENST00000369784,NM_022768.4,Yes,Yes,3,Yes,No,No,No,Yes,No,Yes,"OTT, OTT1"
RECQL,5965,ENST00000421138,NM_002907.3,ENST00000421138,NM_002907.3,No,Yes,3,Yes,Yes,Yes,No,No,No,No,"RecQ1, RecQL1"
RTEL1,51750,ENST00000360203,NM_001283009.1,ENST00000360203,NM_001283009.2,No,Yes,3,Yes,Yes,Yes,No,No,No,No,"C20orf41, DKFZP434C013, KIAA1088, NHL, RTEL, bK3184A7.3"
RYBP,23429,ENST00000477973,NM_012234.5,ENST00000477973,NM_012234.5,No,Yes,3,Yes,Yes,Yes,No,No,No,No,"AAP1, DEDAF, YEAF1"
SESN1,27244,ENST00000436639,NM_014454.2,ENST00000436639,NM_014454.2,No,Yes,3,Yes,Yes,Yes,No,No,No,No,"PA26, SEST1"
SESN2,83667,ENST00000253063,NM_031459.4,ENST00000253063,NM_031459.4,No,Yes,3,Yes,Yes,Yes,No,No,No,No,"DKFZp761M0212, HI95, SEST2"
SESN3,143686,ENST00000536441,NM_144665.3,ENST00000536441,NM_144665.3,No,Yes,3,Yes,Yes,Yes,No,No,No,No,"MGC29667, SEST3"
SETDB1,9869,ENST00000271640,NM_001145415.1,ENST00000271640,NM_001145415.1,Yes,Yes,3,Yes,Yes,Yes,No,No,No,No,"ESET, KG1T, KIAA0067, KMT1E, TDRD21"
SH2D1A,4068,ENST00000371139,NM_002351.4,ENST00000371139,NM_002351.4,No,Yes,3,Yes,Yes,Yes,No,No,No,No,"DSHP, EBVS, IMD5, LYP, SAP, XLP, XLPD"
SHQ1,55164,ENST00000325599,NM_018130.2,ENST00000325599,NM_018130.2,No,Yes,3,Yes,Yes,Yes,No,No,No,No,"FLJ10539, Shq1p"
SLX4,84464,ENST00000294008,NM_032444.2,ENST00000294008,NM_032444.2,No,Yes,3,Yes,Yes,Yes,No,No,No,No,"BTBD12, FANCP, KIAA1784, KIAA1987"
SMARCE1,6605,ENST00000348513,NM_003079.4,ENST00000348513,NM_003079.4,Yes,Yes,3,Yes,Yes,No,No,No,No,Yes,BAF57
SMC1A,8243,ENST00000322213,NM_006306.3,ENST00000322213,NM_006306.3,No,Yes,3,Yes,No,Yes,No,Yes,No,No,"DXS423E, KIAA0178, SB1.8, SMC1L1, Smcb"
SMC3,9126,ENST00000361804,NM_005445.3,ENST00000361804,NM_005445.3,No,Yes,3,Yes,No,Yes,No,Yes,No,No,"BAM, CSPG6, HCAP, SMC3L1, bamacan"
SOX17,64321,ENST00000297316,NM_022454.3,ENST00000297316,NM_022454.3,No,Yes,3,Yes,Yes,Yes,No,No,No,No,
SPRED1,161742,ENST00000299084,NM_152594.2,ENST00000299084,NM_152594.2,No,Yes,3,Yes,Yes,Yes,No,No,No,No,"FLJ33903, PPP1R147"
TGFBR1,7046,ENST00000374994,NM_004612.2,ENST00000374994,NM_004612.2,No,Yes,3,Yes,Yes,Yes,No,No,No,No,"ALK-5, ALK5, ESS1, MSSE, TBR-i, TBRI"
TP53BP1,7158,ENST00000382044,NM_001141980.1,ENST00000382044,NM_001141980.1,No,Yes,3,Yes,Yes,Yes,No,No,No,No,"53BP1, TDRD30, p202"
TRAF3,7187,ENST00000392745,NM_003300.3,ENST00000392745,NM_003300.3,No,Yes,3,Yes,No,Yes,No,Yes,No,No,"CAP-1, CD40bp, CRAF1, LAP1, RNF118"
TRAF5,7188,ENST00000261464,NM_001033910.2,ENST00000261464,NM_001033910.2,No,Yes,3,Yes,No,Yes,No,Yes,No,No,RNF84
ACKR3,57007,ENST00000272928,NM_020311,ENST00000272928,NM_020311,Yes,Yes,2,Yes,No,No,No,No,No,Yes,"CMKOR1, CXCR7, GPR159, RDC1"
ACTG1,71,ENST00000331925,NM_001199954.1,ENST00000573283,NM_001199954.1,No,Yes,2,Yes,No,Yes,No,No,No,No,"ACTG, DFNA20, DFNA26"
ACVR2A,92,ENST00000241416,NM_001278579,ENST00000241416,NM_001278579,Yes,Yes,2,Yes,No,No,No,No,No,Yes,"ACTRII, ACVR2"
APLNR,187,ENST00000257254,NM_005161.4,ENST00000257254,NM_005161.4,Yes,Yes,2,Yes,Yes,No,No,No,No,No,"AGTRL1, APJ, APJR, FLJ90771"
ARID3A,1820,ENST00000263620,NM_005224.2,ENST00000263620,NM_005224.2,No,Yes,2,Yes,No,Yes,No,No,No,No,"BRIGHT, DRIL1"
ARID4A,5926,ENST00000355431,NM_002892.3,ENST00000355431,NM_002892.3,No,Yes,2,Yes,No,Yes,No,No,No,No,"RBBP1, RBP-1"
ARID4B,51742,ENST00000264183,NM_001206794.1,ENST00000264183,NM_001206794.1,No,Yes,2,Yes,No,Yes,No,No,No,No,"BCAA, BRCAA1, RBP1L1, SAP180"
ATP1A1,476,ENST00000295598,NM_000701,ENST00000295598,NM_000701,Yes,Yes,2,Yes,No,No,No,No,No,Yes,
ATP6V1B2,526,ENST00000276390,NM_001693.3,ENST00000276390,NM_001693.3,No,Yes,2,Yes,No,Yes,No,No,No,No,"ATP6B2, HO57"
ATXN2,6311,ENST00000377617,NM_002973.3,ENST00000550104,NM_002973.3,No,Yes,2,Yes,No,Yes,No,No,No,No,"ATX2, SCA2, TNRC13"
BACH2,60468,ENST00000257749,NM_001170794.1,ENST00000257749,NM_001170794.1,No,Yes,2,Yes,No,Yes,No,No,No,No,BTBD25
BRSK1,84446,ENST00000309383,NM_032430,ENST00000309383,NM_032430,No,Yes,2,Yes,No,No,No,Yes,No,No,KIAA1811
CBLB,868,ENST00000264122,NM_170662,ENST00000394030,NM_170662.5,No,Yes,2,Yes,No,No,No,No,No,Yes,"Cbl-b, RNF56"
CCN6,8838,ENST00000361714,NM_198239.1,,,Yes,Yes,2,Yes,No,No,No,Yes,No,No,"WISP-3, WISP3"
CHD2,1106,ENST00000394196,NM_001271,ENST00000394196,NM_001271,No,Yes,2,Yes,No,No,No,Yes,No,No,"DKFZp547I1315, DKFZp686E01200, DKFZp781D1727, FLJ38614"
CMTR2,55783,ENST00000338099,NM_001099642.1,ENST00000338099,NM_001099642.1,No,Yes,2,Yes,Yes,No,No,No,No,No,"AFT, FLJ11171, FTSJD1, MTr2"
COL2A1,1280,ENST00000380518,NM_001844,ENST00000380518,NM_001844,No,Yes,2,Yes,No,No,No,No,No,Yes,"AOM, SEDC, STL1"
CRBN,51185,ENST00000231948,NM_016302.3,ENST00000231948,NM_016302.3,No,Yes,2,Yes,No,Yes,No,No,No,No,"MRT2, MRT2A"
CTR9,9646,ENST00000361367,NM_014633.4,ENST00000361367,NM_014633.4,No,Yes,2,Yes,Yes,No,No,No,No,No,"KIAA0155, SH2BP1, p150TSP"
DDB2,1643,ENST00000256996,NM_000107,ENST00000256996,NM_000107,No,Yes,2,Yes,No,No,No,No,No,Yes,"DDBB, FLJ34321, UV-DDB2, XPE"
ECT2L,345930,ENST00000367682,NM_001077706.2,ENST00000367682,NM_001077706.2,No,Yes,2,Yes,No,No,No,Yes,No,No,"ARHGEF32, C6orf91, FBXO49, LFDH"
EGR1,1958,ENST00000239938,NM_001964.2,ENST00000239938,NM_001964.2,No,Yes,2,Yes,No,Yes,No,No,No,No,"AT225, G0S30, KROX-24, NGFI-A, TIS8, ZIF-268"
EP400,57634,ENST00000389561,NM_015409.3,ENST00000389561,NM_015409.3,No,Yes,2,Yes,No,Yes,No,No,No,No,"CAGH32, DKFZP434I225, KIAA1498, KIAA1818, P400, TNRC12"
ESCO2,157570,ENST00000305188,NM_001017420.2,ENST00000305188,NM_001017420.2,No,Yes,2,Yes,No,Yes,No,No,No,No,"EFO2, RBS"
ETAA1,54465,ENST00000272342,NM_019002.3,ENST00000272342,NM_019002.3,No,Yes,2,Yes,Yes,No,No,No,No,No,ETAA16
ETS1,2113,ENST00000319397,NM_005238,ENST00000319397,NM_005238,Yes,Yes,2,Yes,No,No,No,Yes,No,No,"ETS-1, EWSR2, FLJ10768"
EXT1,2131,ENST00000378204,NM_000127,ENST00000378204,NM_000127,No,Yes,2,Yes,No,No,No,No,No,Yes,"LGCR, LGS, ttv"
FOXF1,2294,ENST00000262426,NM_001451.2,ENST00000262426,NM_001451.2,Yes,Yes,2,Yes,Yes,No,No,No,No,No,"FKHL5, FREAC1"
GATA4,2626,ENST00000335135,NM_002052,ENST00000335135,NM_002052,No,Yes,2,Yes,No,No,Yes,No,No,No,
H1-5,3009,ENST00000331442,NM_005322.2,ENST00000331442,NM_005322.2,No,Yes,2,Yes,No,Yes,No,No,No,No,"H1F5, H1b, H1s-3, HIST1H1B"
HIRA,7290,ENST00000263208,NM_003325,ENST00000263208,NM_003325,No,Yes,2,Yes,No,Yes,No,No,No,No,"DGCR1, TUP1, TUPLE1"
HLA-C,3107,ENST00000376228,NM_002117.5,ENST00000376228,NM_002117.5,No,Yes,2,Yes,Yes,No,No,No,No,No,"D6S204, HLA-JY3, PSORS1"
IRF2,3660,ENST00000393593,NM_002199,ENST00000393593,NM_002199,No,Yes,2,Yes,No,No,Yes,No,No,No,
LTB,4050,ENST00000376117,NM_002341.1,ENST00000376117,NM_002341.1,Yes,Yes,2,Yes,No,Yes,No,No,No,No,"TNFC, TNFSF3"
MAD2L2,10459,ENST00000235310,NM_001127325.1,ENST00000235310,NM_001127325.1,Yes,Yes,2,Yes,Yes,No,No,No,No,No,"FANCV, MAD2B, POLZ2, REV7"
MEF2C,4208,ENST00000437473,NM_001193350,ENST00000437473,NM_001193350,Yes,Yes,2,Yes,No,No,No,Yes,No,No,
MOB3B,79817,ENST00000262244,NM_024761.4,ENST00000262244,NM_024761.4,No,Yes,2,Yes,No,Yes,No,No,No,No,"C9orf35, FLJ13204, MOB1D, MOBKL2B"
NFATC2,4773,ENST00000396009,NM_173091,ENST00000396009,NM_173091,Yes,Yes,2,Yes,No,No,No,No,No,Yes,"NF-ATP, NFAT1, NFATp"
PDS5B,23047,ENST00000315596,NM_015032.3,ENST00000315596,NM_015032.3,No,Yes,2,Yes,No,Yes,No,No,No,No,"APRIN, AS3, CG008, FLJ23236, KIAA0979"
PIGA,5277,ENST00000333590,NM_002641.3,ENST00000333590,NM_002641.3,No,Yes,2,Yes,No,Yes,No,No,No,No,GPI3
PPP2R2A,5520,ENST00000380737,NM_002717.3,ENST00000380737,NM_002717.3,No,Yes,2,Yes,No,No,Yes,No,No,No,"B55A, B55alpha, PR52A, PR55A, PR55alpha"
PRKDC,5591,ENST00000314191,NM_006904.6,ENST00000314191,NM_006904.7,Yes,Yes,2,Yes,No,No,No,Yes,No,No,"DNA-PKC, DNA-PKcs, DNAPK, DNAPKc, DNPK1, HYRC, HYRC1, XRCC7, p350, p460"
PTPN1,5770,ENST00000371621,NM_001278618.1,ENST00000371621,NM_001278618.1,Yes,Yes,2,Yes,No,Yes,No,No,No,No,PTP1B
PTPN13,5783,ENST00000411767,NM_080683,ENST00000411767,NM_080683,No,Yes,2,Yes,No,No,No,No,No,Yes,"PTP-BAS, PTP-BL, PTP1E, PTPL1"
REST,5978,ENST00000309042,NM_001193508.1,ENST00000309042,NM_001193508.1,No,Yes,2,Yes,Yes,No,No,No,No,No,"DFNA27, NRSF, XBR"
ROBO1,6091,ENST00000464233,NM_002941.3,ENST00000464233,NM_002941.3,No,Yes,2,Yes,No,Yes,No,No,No,No,"DUTT1, FLJ21882, SAX3"
RPL5,6125,ENST00000370321,NM_000969,ENST00000370321,NM_000969,No,Yes,2,Yes,No,No,No,No,No,Yes,"L5, PPP1R135, uL18"
SAMHD1,25939,ENST00000262878,NM_015474.3,ENST00000646673,NM_015474.3,No,Yes,2,Yes,No,Yes,No,No,No,No,"AGS5, HDDC1, MOP-5, Mg11, SBBI88"
SERPINB3,6317,ENST00000283752,NM_006919.2,ENST00000283752,NM_006919.2,Yes,Yes,2,Yes,Yes,No,No,No,No,No,"HsT1196, SCC, SCCA1, T4-A"
SETDB2,83852,ENST00000354234,NM_031915.2,ENST00000317257,NM_031915.2,No,Yes,2,Yes,No,Yes,No,No,No,No,"C13orf4, CLLD8, CLLL8, KMT1F"
SLFN11,91607,ENST00000308377,NM_001104587.1,ENST00000308377,NM_001104587.1,No,Yes,2,Yes,Yes,No,No,No,No,No,FLJ34922
SMARCA1,6594,ENST00000371122,NM_003069,ENST00000371122,NM_003069,Yes,Yes,2,Yes,No,No,No,Yes,No,No,"ISWI, NURF140, SNF2L, SNF2L1, SNF2LB, SWI, hSNF2L"
SMARCA2,6595,ENST00000349721,NM_001289396.1,ENST00000349721,NM_001289396.1,No,Yes,2,Yes,Yes,No,No,No,No,No,"BAF190, BRM, SNF2, SNF2L2, SNF2LA, SWI2, Sth1p, hBRM, hSNF2a"
SMG1,23049,ENST00000446231,NM_015092.4,ENST00000446231,NM_015092.4,No,Yes,2,Yes,No,Yes,No,No,No,No,"KIAA0421, LIP"
SOCS3,9021,ENST00000330871,NM_003955.4,ENST00000330871,NM_003955.4,No,Yes,2,Yes,No,No,No,Yes,No,No,"CIS3, Cish3, SOCS-3, SSI-3"
SP140,11262,ENST00000392045,NM_007237.4,ENST00000392045,NM_007237.4,No,Yes,2,Yes,No,Yes,No,No,No,No,"LYSP100-A, LYSP100-B"
SPRTN,83932,ENST00000295050,NM_032018.6,ENST00000295050,NM_032018.6,No,Yes,2,Yes,Yes,No,No,No,No,No,"C1orf124, DKFZP547N043, DVC1, Spartan"
STAG1,10274,ENST00000383202,NM_005862.2,ENST00000383202,NM_005862.2,No,Yes,2,Yes,No,Yes,No,No,No,No,"SA-1, SA1, SCC3A"
TET3,200424,ENST00000409262,NM_144993,ENST00000409262,NM_144993,No,Yes,2,Yes,No,Yes,No,No,No,No,"MGC22014, hCG_40738"
TRIP13,9319,ENST00000166345,NM_004237.3,ENST00000166345,NM_004237.3,Yes,Yes,2,Yes,Yes,No,No,No,No,No,16E1BP
WIF1,11197,ENST00000286574,NM_007191.4,ENST00000286574,NM_007191.4,No,Yes,2,Yes,No,No,No,No,No,Yes,
WRN,7486,ENST00000298139,NM_000553,ENST00000298139,NM_000553,No,Yes,2,Yes,No,No,No,No,No,Yes,"RECQ3, RECQL2"
XPA,7507,ENST00000375128,NM_000380,ENST00000375128,NM_000380,No,Yes,2,Yes,No,No,No,No,No,Yes,"XP1, XPAC"
XPC,7508,ENST00000285021,NM_004628,ENST00000285021,NM_004628,No,Yes,2,Yes,No,No,No,No,No,Yes,"RAD4, XPCC"
ZBTB7A,51341,ENST00000322357,NM_015898,ENST00000322357,NM_015898,Yes,Yes,2,Yes,No,Yes,No,No,No,No,"DKFZp547O146, FBI-1, LRF, ZBTB7, ZNF857A, pokemon"
ZMYM3,9203,ENST00000314425,NM_005096,ENST00000314425,NM_005096,No,Yes,2,Yes,No,No,No,Yes,No,No,"DXS6673E, KIAA0385, ZNF198L2, ZNF261"
ZNRF3,84133,ENST00000544604,NM_001206998.1,ENST00000544604,NM_001206998.1,No,Yes,2,Yes,Yes,No,No,No,No,No,"BK747E2.3, FLJ22057, KIAA1133, RNF203"
AIP,9049,,,,,Yes,Yes,1,Yes,No,No,No,No,No,No,"ARA9, FKBP16, FKBP37, XAP2"
AJUBA,84962,ENST00000262713,NM_032876.5,ENST00000262713,NM_032876.5,No,Yes,1,Yes,No,No,No,No,No,No,"JUB, MGC15563"
ALDH2,217,ENST00000261733,NM_000690,ENST00000261733,NM_000690,No,Yes,1,Yes,No,No,No,No,No,No,
ALOX15B,247,,,,,No,Yes,1,Yes,No,No,No,No,No,No,15-LOX-2
ALOX5,240,,,,,Yes,Yes,1,Yes,No,No,No,No,No,No,5-LOX
ATRIP,84126,ENST00000320211,NM_130384,ENST00000320211,NM_130384,No,Yes,1,Yes,No,No,No,No,No,No,"FLJ12343, MGC20625, MGC21482, MGC26740"
CASR,846,,,,,Yes,Yes,1,Yes,No,No,No,No,No,No,"FHH, GPRC2A, HHC, HHC1, NSHPT"
CDKN1C,1028,,,,,No,Yes,1,Yes,No,No,No,No,No,No,"BWCR, BWS, P57"
CHTF8,54921,ENST00000398235,NM_001039690,ENST00000398235,NM_001039690,No,Yes,1,Yes,No,No,No,No,No,No,"CTF8, FLJ20400"
CTDNEP1,23399,,,,,No,Yes,1,Yes,No,No,No,No,No,No,"DULLARD, HSA011916, NET56"
DDX41,51428,ENST00000507955,NM_016222.2,ENST00000330503,NM_016222.4,No,Yes,1,Yes,No,No,No,No,No,No,"ABS, MGC8828"
DHX15,1665,,,,,Yes,Yes,1,Yes,No,No,No,No,No,No,"DBP1, DDX15, PRP43, PRPF43, PrPp43p"
DIS3L2,129563,,,,,Yes,Yes,1,Yes,No,No,No,No,No,No,"FAM6A, FLJ36974, MGC42174"
EGR2,1959,,,,,No,Yes,1,Yes,No,No,No,No,No,No,KROX20
EIF2B1,1967,ENST00000424014,NM_001414,ENST00000424014,NM_001414,No,Yes,1,Yes,No,No,No,No,No,No,"EIF-2B, EIF-2Balpha, EIF2B, EIF2BA"
ELL2,22936,,,,,Yes,Yes,1,Yes,No,No,No,No,No,No,MRCCAT1
ERCC1,2067,ENST00000300853,NM_001983,ENST00000300853,NM_001983,No,Yes,1,Yes,No,No,No,No,No,No,RAD10
FANCM,57697,ENST00000267430,NM_020937,ENST00000267430,NM_020937,No,Yes,1,Yes,No,No,No,No,No,No,"FAAP250, KIAA1596"
FZR1,51343,ENST00000395095,NM_001136198,ENST00000395095,NM_001136198,Yes,Yes,1,Yes,No,No,No,No,No,No,"CDC20C, FZR, FZR2, HCDH, HCDH1, KIAA1242"
GSTP1,2950,ENST00000398606,NM_000852.3,ENST00000398606,NM_000852.4,No,Yes,1,Yes,No,No,No,No,No,No,"FAEES3, GST3, GSTP"
HSD17B2,3294,ENST00000199936,NM_002153,ENST00000199936,NM_002153,No,Yes,1,Yes,No,No,No,No,No,No,"HSD17, SDR9C2"
HTATIP2,10553,ENST00000421577,NM_001098521,ENST00000421577,NM_001098521,No,Yes,1,Yes,No,No,No,No,No,No,"CC3, FLJ26963, SDR44U1, TIP30"
ING1,3621,ENST00000375774,NM_005537,ENST00000375774,NM_005537,No,Yes,1,Yes,No,No,No,No,No,No,"p24ING1c, p33, p33ING1, p33ING1b, p47, p47ING1a"
INTS6,26512,ENST00000311234,NM_012141,ENST00000311234,NM_012141,No,Yes,1,Yes,No,No,No,No,No,No,"DBI-1, DDX26, DDX26A, DICE1, HDB, Notchl2"
KDM5D,8284,ENST00000317961,NM_004653,ENST00000317961,NM_004653,Yes,Yes,1,Yes,No,No,No,No,No,No,"HY, HYA, JARID1D, KIAA0234, SMCY"
KLF2,10365,ENST00000248071,NM_016270.2,ENST00000248071,NM_016270.2,No,Yes,1,Yes,No,No,No,No,No,No,LKLF
KLF3,51274,ENST00000261438,NM_016531.5,ENST00000261438,NM_016531.5,No,Yes,1,Yes,No,No,No,No,No,No,BKLF
LRP5,4041,ENST00000294304,NM_001291902.1,ENST00000294304,NM_001291902.1,Yes,Yes,1,Yes,No,No,No,No,No,No,"BMND1, EVR1, EVR4, LR3, LRP7, OPPG, OPS, OPTA1, VBCH2"
MAGI2,9863,,,,,No,Yes,1,Yes,No,No,No,No,No,No,"ACVRIP1, MAGI-2"
MAL2,114569,ENST00000276681,NM_052886.2,ENST00000614891,NM_052886.3,No,Yes,1,Yes,No,No,No,No,No,No,
MBD4,8930,ENST00000249910,NM_003925,ENST00000249910,NM_003925,No,Yes,1,Yes,No,No,No,No,No,No,
MBD6,114785,ENST00000355673,NM_052897.3,ENST00000355673,NM_052897.3,No,Yes,1,Yes,No,No,No,No,No,No,KIAA1887
MIDEAS,91748,ENST00000286523,NM_001043318.2,ENST00000286523,NM_001043318.2,No,Yes,1,Yes,No,No,No,No,No,No,"C14orf117, C14orf43, ELMSAN1, LSR68"
MLH3,27030,ENST00000355774,NM_001040108,ENST00000355774,NM_001040108,No,Yes,1,Yes,No,No,No,No,No,No,
NHERF1,9368,ENST00000262613,NM_004252,ENST00000262613,NM_004252,Yes,Yes,1,Yes,No,No,No,No,No,No,"EBP50, NHERF, SLC9A3R1"
PHLPP1,23239,ENST00000262719,NM_194449,ENST00000262719,NM_194449,No,Yes,1,Yes,No,No,No,No,No,No,"KIAA0606, PHLPP, PLEKHE1, PPM3A, SCOP"
PHLPP2,23035,ENST00000568954,NM_015020,ENST00000568954,NM_015020,No,Yes,1,Yes,No,No,No,No,No,No,"KIAA0931, PHLPPL, PPM3B"
POLH,5429,,,,,No,Yes,1,Yes,No,No,No,No,No,No,"RAD30A, XP-V"
PRKCB,5579,,,,,Yes,Yes,1,Yes,No,No,No,No,No,No,"PKCB, PKCÎ², PRKCB1, PRKCB2"
PRPF8,10594,ENST00000304992,NM_006445,ENST00000304992,NM_006445,No,Yes,1,Yes,No,No,No,No,No,No,"PRPC8, Prp8, RP13, SNRNP220, hPrp8"
PTPN14,5784,ENST00000366956,NM_005401,ENST00000366956,NM_005401,No,Yes,1,Yes,No,No,No,No,No,No,PEZ
RAD17,5884,ENST00000380774,NM_133339,ENST00000380774,NM_133339,No,Yes,1,Yes,No,No,No,No,No,No,"CCYC, RAD17Sp, Rad24"
RNASEH2B,79621,ENST00000336617,NM_024570,ENST00000336617,NM_024570,No,Yes,1,Yes,No,No,No,No,No,No,"AGS2, DLEU8, FLJ11712"
SFRP1,6422,ENST00000220772,NM_003012.4,ENST00000220772,NM_003012.4,No,Yes,1,Yes,No,No,No,No,No,No,"FRP-1, SARP2"
SFRP2,6423,ENST00000274063,NM_003013.2,ENST00000274063,NM_003013.2,Yes,Yes,1,Yes,No,No,No,No,No,No,"FRP-2, SARP1, SDF-5"
SLIT3,6586,ENST00000519560,NM_003062,ENST00000519560,NM_003062,No,Yes,1,Yes,No,No,No,No,No,No,"MEGF5, SLIL2, Slit-3, slit2"
WEE1,7465,,,,,No,Yes,1,Yes,No,No,No,No,No,No,WEE1A
XRCC1,7515,ENST00000262887,NM_006297,ENST00000262887,NM_006297,No,Yes,1,Yes,No,No,No,No,No,No,RCC
ZBTB20,26137,ENST00000474710,NM_001164342.2,ENST00000474710,NM_001164342.2,Yes,Yes,1,Yes,No,No,No,No,No,No,"DKFZp566F123, DPZF, ODA-8S, ZNF288"
ZFP36L1,677,ENST00000336440,NM_001244698.1,ENST00000336440,NM_001244698.1,No,Yes,1,Yes,No,No,No,No,No,No,"Berg36, RNF162B, TIS11B, cMG1"
ZFP36L2,678,ENST00000282388,NM_006887.4,ENST00000282388,NM_006887.4,No,Yes,1,Yes,No,No,No,No,No,No,"ERF2, RNF162C, TIS11D"
ZNF292,23036,,,,,No,Yes,1,Yes,No,No,No,No,No,No,"KIAA0530, ZFP292, Zn-15, Zn-16, bA393I2.3"
ZNF750,79755,ENST00000269394,NM_024702.2,ENST00000269394,NM_024702.2,No,Yes,1,Yes,No,No,No,No,No,No,"FLJ13841, Zfp750"
