Gene Symbol	Name	Entrez GeneId	Genome Location	Tier	Hallmark	Chr Band	Somatic	Germline	Tumour Types(Somatic)	Tumour Types(Germline)	Cancer Syndrome	Tissue Type	Molecular Genetics	Role in Cancer	Mutation Types	Translocation Partner	Other Germline Mut	Other Syndrome	Synonyms
ABI1	abl-interactor 1	10006.0	10:26746593-26860935	1	Yes	10p12.1	yes		AML			L	Dom	TSG, fusion	T	KMT2A			ABI-1,CCDS7150.1,E3B1,ENSG00000136754.17,NM_005470.3,NP_005461,NP_001334958.1,Q8IZP0,SSH3BP1
ACVR1B	Activin A Receptor Type 1B	91.0	12:51951701-51994217	1		12q13.13	yes		pancreatic cancer			E		TSG	D, F, Mis, N				ACVRLK4,ALK4,ActRIB,CCDS44894.2,ENSG00000135503.12,NM_020328.3,NP_064733,P36896,SKR2
ACVR2A	activin A receptor type 2A	92.0	2:147844517-147930824	1	Yes	2q23.1	yes		large intestine carcinoma, stomach carcinoma, pancreatic carcinoma, biliary tract, oesophagus			E	Rec	TSG	Mis, N, F				ACTRII,ACVR2,CCDS33301.1,ENSG00000121989.14,NM_001616.4,NP_001607,NP_001265508,P27037
AMER1	APC membrane recruitment protein 1	139285.0	X:64185117-64205744	1	Yes	Xq11.2	yes		Wilms tumour			O	Rec	TSG	F, D, N, Mis				CCDS14377.2,ENSG00000184675.9,FAM123B,FLJ39827,NM_152424.3,NP_689637,Q5JTC6,RP11-403E24.2,WTX
APC	adenomatous polyposis of the colon gene	324.0	5:112737888-112846239	1	Yes	5q22.2	yes	yes	colorectal, pancreatic, desmoid, hepatoblastoma, glioma, other CNS	colorectal, pancreatic, desmoid, hepatoblastoma, glioma, other CNS	adenomatous polyposis coli; Turcot syndrome	E, M, O	Rec	TSG	D, Mis, N, F, S				CCDS4107.1,DP2,DP2.5,DP3,ENSG00000134982.16,NM_001354901.1,NP_000029,NP_001341826.1,NP_001341827.1,NP_001341830.1,NP_001341828.1,NP_001341824.1,P25054,PPP1R46
APOBEC3B	apolipoprotein B mRNA editing enzyme catalytic subunit 3B	9582.0	22:38982409-38992784	1	Yes	22q13.1		yes		breast cancer		E	Rec	oncogene, TSG	D				CCDS13982.1,ENSG00000179750.15,FLJ21201,NM_004900.4,NP_004891,NP_004891.4,PHRBNL,Q9UH17
ARHGAP26	Rho GTPase activating protein 26	23092.0	5:142770377-143229011	1	Yes	5q31.3	yes		AML, MDS			L	Dom	TSG, fusion	T, F, S	KMT2A			CCDS4277.1,ENSG00000145819.16,GRAF,KIAA0621,OPHN1L,OPHN1L1,Q9UNA1
ARHGAP35	Rho GTPase activating protein 35	2909.0	19:46918676-47005077	1		19q13.32	yes		endometrial carcinoma			E		TSG	N, Mis, F, O				CCDS46127.1,ENSG00000160007.18,GRF-1,GRLF1,KIAA1722,NM_004491.4,NP_004482,P190A,Q9NRY4,p190ARhoGAP,p190RhoGAP
ARHGEF10	Rho guanine nucleotide exchange factor 10	9639.0	8:1824015-1958641	2		8p23.3	yes		colon cancer			E		TSG	D				CCDS78296.1,ENSG00000104728.15,Gef10,KIAA0294,NM_001308153.1,NP_001295082,O15013
ARHGEF10L	Rho guanine nucleotide exchange factor 10 like	55160.0	1:17539835-17697869	2		1p36.13	yes		lymphoma			L		TSG	D				CCDS182.1,ENSG00000074964.16,FLJ10521,KIAA1626,NM_018125.3,NP_060595,Q9HCE6
ARHGEF12	RHO guanine nucleotide exchange factor (GEF) 12 (LARG)	23365.0	11:120337078-120489936	1		11q23.3	yes		AML			L	Dom	TSG, fusion	T	KMT2A			CCDS41727.1,ENSG00000196914.8,KIAA0382,LARG,NM_015313.2,NP_056128,Q9NZN5
ARID1A	AT rich interactive domain 1A (SWI-like)	8289.0	1:26696033-26782110	1	Yes	1p36.11	yes		clear cell ovarian carcinoma, RCC, breast			E	Rec	TSG, fusion	Mis, N, F, S, D, T	MAST2			B120,BAF250,BAF250a,C10rf4,C1orf4,CCDS285.1,ENSG00000117713.19,NM_006015.4,NP_006006,O14497,P270,SMARCF1
ARID1B	AT rich interactive domain 1B	57492.0	6:156777374-157210779	1	Yes	6q25.3	yes		breast, hepatocellular carcinoma, clear cell ovarian carcinoma			E	Rec	TSG	Mis, F, N, O				6A3-5,BAF250b,CCDS55072.1,DAN15,ELD/OSA1,ENSG00000049618.22,KIAA1235,NM_020732.3,NP_065783,Q8NFD5,p250R
ARID2	AT rich interactive domain 2	196528.0	12:45729665-45908040	1	Yes	12q12	yes		hepatocellular carcinoma			E	Rec	TSG	N, S, F				BAF200,CCDS31783.1,DKFZp686G052,ENSG00000189079.15,FLJ30619,KIAA1557,NM_152641.2,NP_689854,Q68CP9
ARNT	aryl hydrocarbon receptor nuclear translocator	405.0	1:150809705-150876768	1	Yes	1q21.3	yes		AML			L	Dom	oncogene, TSG, fusion	T	ETV6			CCDS970.1,ENSG00000143437.20,HIF-1beta,NM_001668.3,NP_001659,NP_001337154.1,NP_001337155.1,NP_001337153.1,P27540,bHLHe2
ASXL1	additional sex combs like 1	171023.0	20:32358330-32439319	1	Yes	20q11.21	yes		MDS, CMML			L	Rec	TSG	F, N, Mis		yes	Bohring-Opitz syndrome	CCDS13201.1,ENSG00000171456.17,KIAA0978,NM_015338.5,NP_056153,Q8IXJ9
ASXL2	additional sex combs like 2, transcriptional regulator	55252.0	2:25741925-25780309	2		2p23.3	yes		melanoma, CCRCC, AML			E, L		TSG	O,N, F				ASXH2,ENSG00000143970.16,FLJ10898,KIAA1685,Q76L83
ATM	ataxia telangiectasia mutated	472.0	11:108222832-108369099	1	Yes	11q22.3	yes	yes	T-PLL	leukaemia, lymphoma, medulloblastoma, glioma	ataxia-telangiectasia	L, O	Rec	TSG	D, Mis, N, F, S				ATA,ATC,ATD,ATDC,CCDS31669.1,ENSG00000149311.18,NM_000051.3,NP_000042,Q13315,TEL1,TELO1
ATP1A1	ATPase, Na+/K+ transporting, alpha 1 polypeptide	476.0	1:116373867-116404772	1	Yes	1p13.1	yes		adrenal aldosterone producing adenoma			E	Dom	oncogene, TSG	Mis, O				CCDS53351.1,ENSG00000163399.15,NM_001160233.1,NP_001153705,P05023
ATP2B3	ATPase, Ca++ transporting, plasma membrane 3	492.0	X:153536122-153582929	1	Yes	Xq28	yes		adrenal aldosterone producing adenoma			E	Dom	TSG	O				CCDS35440.1,CFAP39,CLA2,ENSG00000067842.17,NM_001001344.2,NP_001001344,PMCA3,Q16720,SCAX1
ATR	ATR serine/threonine kinase	545.0	3:142449237-142578826	1	Yes	3q23	yes	yes	endometrial, gastric, epithelial ovarian, myeloma	oropharyngeal	familial cutaneous telangiectasia and cancer syndrome	E, L	Dom	TSG	F, Mis		yes	Seckel syndrome 1	CCDS3124.1,ENSG00000175054.14,FRP1,MEC1,NM_001184.3,NP_001175,Q13535,SCKL,SCKL1
ATRX	alpha thalassemia/mental retardation syndrome X-linked	546.0	X:77504878-77786269	1	Yes	Xq21.1	yes		pancreatic neuroendocrine tumours, paediatric GBM			E	Rec	TSG	Mis, F, N		yes	ATR-X (alpha thalassemia/mental retardation) syndrome	CCDS14434.1,ENSG00000085224.21,JMS,MRX52,NM_000489.4,NP_000480,P46100,RAD54,XH2,XNP
AXIN1	axin 1	8312.0	16:287440-352659	1	Yes	16p13.3	yes		colorectal, endometrial, prostate, hepatocellular carcinoma, hepatoblastoma, sporadic medulloblastoma			E, O	Rec	TSG	D, Mis, N, F, S				CCDS10405.1,ENSG00000103126.14,NM_003502.3,NP_003493,O15169,PPP1R49
AXIN2	axin 2	8313.0	17:65528563-65561647	1	Yes	17q24.1	yes	yes	colorectal carcinoma, stomach carcinoma, hepatocellular carcinoma	colorectal carcinoma	oligodontia-colorectal cancer syndrome	E	Rec	TSG	Mis, F, N				CCDS11662.1,DKFZp781B0869,ENSG00000168646.12,MGC126582,NM_004655.3,NP_004646,Q9Y2T1
B2M	beta-2-microglobulin	567.0	15:44711477-44718877	1	Yes	15q21.1	yes		DLBCL, melanoma, colorectal adenocarcinoma			E, L	Rec	TSG	Mis, N, F		yes	Immunodeficiency 43	CCDS10113.1,ENSG00000166710.17,NM_004048.2,NP_004039,P61769
BAP1	BRCA1 associated protein-1 (ubiquitin carboxy-terminal hydrolase)	8314.0	3:52401013-52410350	1	Yes	3p21.1	yes	yes	uveal melanoma, breast, NSCLC, RCC	mesothelioma, skin and uveal melanoma, kidney cancer	BAP1 tumor predisposition syndrome	E	Rec	TSG	N, Mis, F, S, O				CCDS2853.1,ENSG00000163930.9,KIAA0272,NM_004656.3,NP_004647,Q92560,UCHL2,hucep-6
BARD1	BRCA1 associated RING domain 1	580.0	2:214725646-214809704	1	Yes	2q35	yes	yes	breast cancer	ovarian cancer, breast cancer, endometrioid cancer		E		TSG	Mis				CCDS2397.1,ENSG00000138376.10,NM_000465.3,NP_000456,Q99728
BAX	BCL2 associated X, apoptosis regulator	581.0	19:48954929-48961798	1		19q13.33	yes		colorectal cancer			E		TSG	F, Mis				BCL2L4,CCDS12744.1,ENSG00000087088.19,NM_004324.3,NP_004315,Q07812
BAZ1A	bromodomain adjacent to zinc finger domain 1A	11177.0	14:34752737-34875647	2		14q13.2	yes		uterine carcinosarcoma, colon cancer			E		TSG	D				ACF1,CCDS9651.1,ENSG00000198604.10,NM_013448.2,NP_038476,Q9NRL2,WALp1,WCRF180,hACF1
BCL10	B-cell CLL/lymphoma 10	8915.0	1:85266248-85277090	1	Yes	1p22.3	yes		MALT			L	Dom	TSG, fusion	T	IGH			CARMEN,CCDS704.1,CIPER,CLAP,ENSG00000142867.12,NM_003921.4,NP_003912,NP_001307644.1,O95999,c-E10,mE10
BCL11B	B-cell CLL/lymphoma 11B  (CTIP2)	64919.0	14:99169287-99271228	1	Yes	14q32.2	yes		T-ALL			L	Dom	oncogene, TSG, fusion	T	TLX3			CCDS9950.1,CTIP-2,CTIP2,ENSG00000127152.17,NM_138576.3,NP_612808,NP_001269166.1,Q9C0K0,ZNF856B,hRIT1-alpha
BCL9L	B-cell CLL/lymphoma 9-like	283149.0	11:118893875-118910904	1	Yes	11q23.3	yes		colorectal cancer, endometrial carcinoma, gastric cancer			E		oncogene, TSG	Mis, F				CCDS8403.1,DLNB11,ENSG00000186174.12,NM_182557.2,NP_872363,Q86UU0
BCOR	BCL6 corepressor	54880.0	X:40051248-40097403	1	Yes	Xp11.4	yes		retinoblastoma, AML, APL (translocation)			L, M	Rec	TSG, fusion	F, N, S, T	RARA	yes	Oculo-facio-cardio-dental genetic	CCDS48093.1,ENSG00000183337.16,FLJ20285,KIAA1575,NM_001123385.1,NP_001116857,Q6W2J9
BCORL1	BCL6 corepressor-like 1	63035.0	X:130005188-130058083	1	Yes	Xq26.1	yes		AML, HNSCC			E, L		oncogene, TSG	Mis, N, F				CCDS14616.1,CXorf10,ENSG00000085185.15,FLJ11362,NM_021946.4,NP_068765,NP_001171701.1,Q5H9F3
BIRC3	baculoviral IAP repeat-containing 3	330.0	11:102317495-102337734	1	Yes	11q22.2	yes		CLL, MALT, MCL, MM			L	Dom	oncogene, TSG, fusion	D, F, N, T, Mis	MALT1			API2,CCDS8315.1,ENSG00000023445.13,MALT2,MIHC,Q13489,RNF49,c-IAP2,cIAP2,hiap-1
BLM	Bloom Syndrome	641.0	15:90717327-90816165	1	Yes	15q26.1		yes		leukaemia, lymphoma, skin squamous cell, other tumour types	Bloom syndrome	L, E	Rec	TSG	Mis, N, F				BS,CCDS10363.1,ENSG00000197299.10,NM_001287248.1,NP_001274175,NP_000048,NP_001274177.1,P54132,RECQ2,RECQL3
BMPR1A	bone morphogenetic protein receptor, type IA	657.0	10:86756650-86932838	1	Yes	10q23.2		yes		gastrointestinal polyps	juvenile polyposis	E	Rec	oncogene, TSG	Mis, N, F				ACVRLK3,ALK3,CCDS7378.1,CD292,ENSG00000107779.13,NM_004329.2,NP_004320,P36894
BRCA1	familial breast/ovarian cancer gene 1	672.0	17:43044295-43125483	1	Yes	17q21.31	yes	yes	ovarian	breast, ovarian	hereditary breast/ovarian cancer	E	Rec	TSG	D, Mis, N, F, S				BRCC1,CCDS11456.2,ENSG00000012048.21,FANCS,NM_007300.3,NP_009231,P38398,PPP1R53,RNF53
BRCA2	familial breast/ovarian cancer gene 2	675.0	13:32315474-32400266	1	Yes	13q13.1	yes	yes	breast, ovarian, pancreatic	breast, ovarian, pancreatic, leukaemia  (FANCB, FANCD1)	hereditary breast/ovarian cancer	L, E	Rec	TSG	D, Mis, N, F, S				BRCC2,CCDS9344.1,ENSG00000139618.14,FACD,FAD,FAD1,FANCD,FANCD1,P51587,XRCC11
BRIP1	BRCA1 interacting protein C-terminal helicase 1	83990.0	17:61681266-61863521	1	Yes	17q23.2		yes		AML, leukaemia, breast	Fanconi anaemia J, breast cancer susceptiblity	L, E	Rec	TSG	F, N, Mis				BACH1,CCDS11631.1,ENSG00000136492.8,FANCJ,NM_032043.2,NP_114432,OF,Q9BX63
BTG1	B-cell translocation gene 1, anti-proliferative	694.0	12:92140278-92145897	1		12q21.33	yes		B-CLL			L	Dom	TSG, fusion	T	MYC			APRO2,CCDS9043.1,ENSG00000133639.4,NM_001731.2,NP_001722,P62324
BTG2	BTG Anti-Proliferation Factor 2	7832.0	1:203305536-203309602	2		1q32.1	yes		DLBCL			L		TSG	Mis				APRO1,CCDS1437.1,ENSG00000159388.5,MGC126063,MGC126064,NM_006763.2,NP_006754,P78543,PC3,TIS21
BTK	Bruton agammaglobulinemia tyrosine kinase	695.0	X:101349447-101390796	1	Yes	Xq22.1	yes		CLL, mantle cell lymphoma, WM			L	Dom	oncogene, TSG	Mis		yes	agammaglobulinemia	AGMX1,ATK,CCDS76003.1,ENSG00000010671.15,IMD1,NM_001287344.1,NP_001274273,PSCTK1,Q06187,XLA
BUB1B	BUB1 budding uninhibited by benzimidazoles 1 homolog beta (yeast)	701.0	15:40161026-40221136	1	Yes	15q15.1		yes		rhabdomyosarcoma	mosaic variegated aneuploidy	M	Rec	TSG	Mis, N, F, S				BUBR1,Bub1A,CCDS10053.1,ENSG00000156970.12,MAD3L,NM_001211.5,NP_001202,NP_001202.4,O60566,SSK1
CAMTA1	calmodulin binding transcription activator 1	23261.0	1:6785324-7769706	1	Yes	1p36.31	yes		epithelioid haemangioendothelioma			M	Dom	TSG, fusion	T	WWTR1			CCDS30576.1,ENSG00000171735.18,KIAA0833,NM_015215.3,NP_056030,NP_001336537.1,Q9Y6Y1
CARS	cysteinyl-tRNA synthetase	833.0	11:3000922-3057437	1	Yes	11p15.4	yes		ALCL			L	Dom	TSG, fusion	T	ALK			CARS1,CCDS41600.1,ENSG00000110619.17,NM_001194997.1,NP_001014437,NP_001181926.1,P49589
CASP3	caspase 3	836.0	4:184627696-184649475	2		4q35.1	yes		ovarian cancer			E		TSG	D				CCDS3836.1,CPP32,CPP32B,ENSG00000164305.18,NM_004346.3,NP_004337,NP_001341709.1,NP_001341707.1,NP_001341706.1,P42574,Yama,apopain
CASP8	caspase 8, apoptosis-related cysteine peptidase	841.0	2:201258036-201287711	1	Yes	2q33.1	yes		hepatocellular, oral squamous cell, breast			E	Rec	TSG	N, S, F				CCDS42798.1,Casp-8,ENSG00000064012.21,FLICE,MACH,MCH5,NM_001080125.1,NP_001073594,Q14790
CASP9	caspase 9	842.0	1:15492270-15524295	2		1p36.21	yes		glioma			O		TSG	D				APAF-3,CCDS158.1,ENSG00000132906.17,ICE-LAP6,MCH6,NM_001229.4,NP_001220,P55211,PPP1R56
CBFA2T3	core-binding factor, runt domain, alpha subunit 2; translocated to, 3 (MTG-16)	863.0	16:88874858-88977204	1	Yes	16q24.3	yes		AML			L	Dom	TSG, fusion	T	RUNX1, GLIS2			CCDS10972.1,ENSG00000129993.14,ETO2,MTG16,MTGR2,NM_005187.5,NP_005178,O75081,RUNX1T3,ZMYND4
CBFB	core-binding factor, beta subunit	865.0	16:67029245-67101022	1	Yes	16q22.1	yes		AML			L	Dom	TSG, fusion	T	MYH11			CCDS45508.1,ENSG00000067955.13,NM_022845.2,NP_074036,PEBP2B,Q13951
CBL	Cas-Br-M (murine) ecotropic retroviral transforming	867.0	11:119206276-119308149	1	Yes	11q23.3	yes		AML, JMML, MDS			L	Dom/Rec	oncogene, TSG, fusion	T, Mis, S, O	KMT2A			CBL2,CCDS8418.1,ENSG00000110395.6,NM_005188.3,NP_005179,P22681,RNF55,c-Cbl
CBLB	Cas-Br-M (murine) ecotropic retroviral transforming sequence b	868.0	3:105655461-105869043	1	Yes	3q13.11	yes		AML			L	Rec	TSG	Mis, S				CCDS2948.1,Cbl-b,ENSG00000114423.19,NM_170662.4,NP_001308717,NP_733762,NP_001308745.1,NP_001308736.1,NP_001308723.1,NP_001308749.1,NP_001308720.1,NP_001308740.1,NP_001308728.1,NP_001308727.1,NP_001308735.1,NP_001308726.1,NP_001308722.1,NP_001308724.1,NP_001308751.1,NP_001308725.1,NP_001308737.1,Q13191,RNF56
CBLC	Cas-Br-M (murine) ecotropic retroviral transforming sequence c	23624.0	19:44777869-44800634	1		19q13.32	yes		AML			L	Rec	oncogene, TSG	Mis				CBL-3,CBL-SL,CCDS12643.1,ENSG00000142273.11,NM_012116.3,NP_036248,Q9ULV8,RNF57
CCDC6	coiled-coil domain containing 6	8030.0	10:59788763-59906656	1	Yes	10q21.2	yes		papillary thyroid, CML, NSCLC			E	Dom	TSG, fusion	T	RET, PDGFRB			CCDS7257.1,D10S170,ENSG00000108091.10,H4,NM_005436.4,NP_005427,PTC,Q16204,TPC,TST1
CCNB1IP1	cyclin B1 interacting protein 1, E3 ubiquitin protein ligase	57820.0	14:20311368-20333312	1	Yes	14q11.2	yes		leiomyoma			M	Dom	TSG, fusion	T	HMGA2			C14orf18,CCDS9547.1,ENSG00000100814.17,HEI10,NM_182852.3,NP_878272,Q9NPC3
CCNC	cyclin C	892.0	6:99542380-99568973	2		6q16.2	yes		T-ALL			L		TSG	D				CCDS34502.1,CycC,ENSG00000112237.12,NM_005190.3,NP_005181,P24863
CD274	CD274 molecule	29126.0	9:5450525-5470547	1		9p24.1	yes		PMBL, Hodgkin lymphoma			L	Dom	TSG, fusion	T	CIITA			B7-H,B7-H1,B7H1,CCDS6464.1,ENSG00000120217.13,NM_014143.3,NP_054862,PD-L1,PDCD1LG1,PDL1,Q9NZQ7
CDC73	cell division cycle 73	79577.0	1:193122017-193253901	1	Yes	1q31.2	yes	yes	parathyroid adenoma	parathyroid adenoma, multiple ossifying jaw fibroma	hyperparathyroidism-jaw tumour syndrome	E, M	Rec	TSG	Mis, N, F				C1orf28,CCDS1382.1,ENSG00000134371.11,FIHP,HRPT1,HRPT2,NM_024529.4,NP_078805,Q6P1J9,parafibromin
CDH1	cadherin 1, type 1, E-cadherin (epithelial) (ECAD)	999.0	16:68737225-68835548	1	Yes	16q22.1	yes	yes	lobular breast, gastric	gastric	familial gastric carcinoma	E	Rec	TSG	Mis, N, F, S				CCDS10869.1,CD324,ENSG00000039068.18,NM_004360.4,NP_004351,P12830,UVO,uvomorulin
CDH10	cadherin 10	1008.0	5:24487100-24644978	2		5p14.2	yes	yes	melanoma	pancreatic ductal adenocarcinoma		E		TSG	Mis, F, N				CCDS3892.1,ENSG00000040731.10,NM_006727.4,NP_006718,NP_001304153.1,NP_001304151.1,Q9Y6N8
CDH11	cadherin 11, type 2, OB-cadherin (osteoblast)	1009.0	16:64943753-65122198	1	Yes	16q21	yes		aneurysmal bone cyst			M	Dom	TSG, fusion	T	USP6			CAD11,CCDS10803.1,ENSG00000140937.13,NM_001797.3,NP_001788,OB,P55287
CDK12	cyclin-dependent kinase 12	51755.0	17:39462039-39535146	1	Yes	17q12	yes		serous ovarian			E	Rec	TSG	Mis, N, F				CCDS11337.1,CRK7,CRKR,CRKRS,ENSG00000167258.13,KIAA0904,NM_016507.3,NP_057591,Q9NYV4
CDKN1A	cyclin dependent kinase inhibitor 1A	1026.0	6:36678710-36687337	2		6p21.2	yes		bladder cancer			E		oncogene, TSG	F, N				CAP20,CCDS4824.1,CDKN1,CIP1,ENSG00000124762.13,NM_001220778.1,NP_001207707,P21,P38936,SDI1,WAF1,p21,p21CIP1,p21Cip1/Waf1
CDKN1B	cyclin-dependent kinase inhibitor 1B (p27, Kip1)	1027.0	12:12717124-12722371	1	Yes	12p13.1	yes	yes	breast, small intestine neuroendocrine tumours	pituitary, parathyroid	multiple endocrine neoplasia type IV	E	Rec	TSG	F				CCDS8653.1,ENSG00000111276.10,KIP1,NM_004064.4,NP_004055,P27KIP1,P46527
CDKN2A	cyclin-dependent kinase inhibitor 2A (p16(INK4a)) gene	1029.0	9:21968056-21974866	1	Yes	9p21.3	yes	yes	melanoma, multiple other tumour types	melanoma, pancreatic	familial malignant melanoma	L, E, M, O	Rec	TSG	D, Mis, N, F, S				ARF,CCDS56565.1,CDK4I,CDKN2,CMM2,ENSG00000147889.17,INK4,INK4a,MLM,MTS1,NP_001182061.1,P42771,p14,p14ARF,p16,p16INK4a,p19,p19Arf
CDKN2C	cyclin-dependent kinase inhibitor 2C (p18, inhibits CDK4)	1031.0	1:50960745-50974633	1	Yes	1p32.3	yes		glioma, MM			O, L	Rec	TSG	D				CCDS555.1,ENSG00000123080.10,INK4C,P42773,p18
CDX2	caudal type homeo box transcription factor 2	1045.0	13:27962137-27971139	1		13q12.2	yes		AML			L	Dom	TSG, fusion	T	ETV6			CCDS9328.1,CDX3,ENSG00000165556.9,NM_001265.4,NP_001256,NP_001256.3,Q99626
CEBPA	CCAAT/enhancer binding protein (C/EBP), alpha	1050.0	19:33299934-33302564	1	Yes	19q13.11	yes		AML, MDS			L	Dom	TSG	Mis, N, F				C/EBP-alpha,CCDS54243.1,CEBP,ENSG00000245848.2,NM_004364.4,NP_004355,NP_001272758.1,NP_001274364.1,NP_001274353.1,P49715
CHD2	chromodomain helicase DNA binding protein 2	1106.0	15:92900320-93028005	2		15q26.1	yes		melanoma, large intestine, CLL, monoclonal B lymphocytosis			E, L		TSG	Mis, F, N				CCDS10374.2,DKFZp547I1315,DKFZp686E01200,DKFZp781D1727,ENSG00000173575.20,FLJ38614,NM_001271.3,NP_001262,O14647
CHEK2	CHK2 checkpoint homolog (S. pombe)	11200.0	22:28687763-28741838	1	Yes	22q12.1		yes		breast	familial breast cancer	E	Rec	TSG	F				CCDS33629.1,CDS1,CHK2,ENSG00000183765.20,HuCds1,NM_001005735.1,NP_001005735,O96017,PP1425,RAD53,bA444G7
CIC	capicua homolog	23152.0	19:42284665-42295797	1	Yes	19q13.2	yes		oligodendroglioma, soft tissue sarcoma			O, M	Rec	oncogene, TSG, fusion	Mis, F, S,T	DUX4L1, FOXO4			CCDS12601.1,ENSG00000079432.7,KIAA0306,NM_015125.4,NP_055940,Q96RK0
CIITA	class II, major histocompatibility complex, transactivator	4261.0	16:10877198-10924983	1	Yes	16p13.13	yes		PMBL, Hodgkin lymphoma			L	Dom	TSG, fusion	T	C15orf55, CD274, PDCD1LG2, RALGDS, RUNDC2A, RMI2, BCL6			C2TA,CCDS73826.1,ENSG00000179583.19,MHC2TA,NLRA,NM_001286402.1,NP_001273331
CLTC	clathrin, heavy polypeptide (Hc)	1213.0	17:59619689-59696956	1	Yes	17q23.1	yes		ALCL, renal			L	Dom	TSG, fusion	T	ALK, TFE3			CCDS74115.1,CLTCL2,ENSG00000141367.11,Hc,NM_001288653.1,NP_001275582
CLTCL1	clathrin, heavy polypeptide-like 1	8218.0	22:19179473-19291714	1	Yes	22q11.21	yes		ALCL			L	Dom	TSG, fusion	T	?			CCDS46662.2,CHC22,CLH22,CLTCL,CLTD,ENSG00000070371.15,NM_007098.3,NP_009029,P53675
CNBP	CCHC-type zinc finger, nucleic acid binding protein	7555.0	3:129170102-129183910	1	Yes	3q21.3	yes		aneurysmal bone cyst			M	Dom	TSG, fusion	T	USP6			CCDS46906.1,CNBP1,DM2,ENSG00000169714.16,NM_001127192.1,NP_001120664,P62633,RNF163,ZCCHC22,ZNF9
CNOT3	CCR4-NOT transcription complex subunit 3	4849.0	19:54141396-54155680	1	Yes	19q13.42	yes		T-ALL			L	Rec	TSG	Mis, N, F				CCDS12880.1,ENSG00000088038.18,KIAA0691,LENG2,NOT3,NOT3H,O75175
CNTNAP2	contactin associated protein like 2	26047.0	7:146116359-148420998	2		7q36.1	yes		glioma, melanoma			E, O		TSG	Mis				CCDS5889.1,Caspr2,ENSG00000174469.20,KIAA0868,NM_014141.5,NP_054860,NRXN4,Q9UHC6
CPEB3	cytoplasmic polyadenylation element binding protein 3	22849.0	10:92048642-92243279	2		10q23.32	yes		lung cancer			E		TSG	D				CCDS31246.1,ENSG00000107864.14,KIAA0940,Q8NE35
CREB3L1	cAMP responsive element binding protein 3-like 1	90993.0	11:46277661-46321422	1	Yes	11p11.2	yes		myxofibrosarcoma			M	Dom	TSG, fusion	T	FUS			CCDS53620.1,ENSG00000157613.10,NM_052854.3,NP_443086,OASIS,Q96BA8
CREBBP	CREB binding protein (CBP)	1387.0	16:3725054-3880726	1	Yes	16p13.3	yes		ALL, AML, DLBCL, B-NHL			L	Dom/Rec	oncogene, TSG, fusion	T, N, F, Mis, O	KMT2A, MORF, KAT6A	yes	Rubinstein-Taybi syndrome	CBP,CCDS10509.1,ENSG00000005339.14,KAT3A,NM_004380.2,NP_004371,Q92793,RSTS,RTS
CSMD3	CUB and Sushi multiple domains 3	114788.0	8:112222928-113437099	2		8q23.3	yes		ovarian cancer, oral SCC, lung cancer			E		TSG	Mis, N				CCDS6315.1,ENSG00000164796.17,NM_198123.1,NP_937756,Q7Z407
CTCF	CCCTC-binding factor	10664.0	16:67562467-67639176	1	Yes	16q22.1	yes		endometrial, breast, head and neck cancer			E	Dom	TSG	Mis, N			Mental retardation, autosomal dominant 21	CCDS10841.1,ENSG00000102974.15
CTNNA1	Catenin Alpha 1	1495.0	5:138753423-138935034	2		5q31.2	yes	yes	AML, MDS, cutaneous melanoma	gastric cancer	Hereditary Diffuse Gastric Cancer Syndrome	E, L		TSG, fusion	D, Mis, N, T	RAF1			CAP102,CCDS34243.1,ENSG00000044115.20,NM_001903.4,NP_001310912,NP_001310911,NP_001894,NP_001310913,NP_001277239.1,NP_001277238.1,NP_001310914.1,NP_001310915.1,P35221
CUL3	cullin 3	8452.0	2:224470150-224585348	2		2q36.2	yes		lung cancer			E		TSG	N				CCDS2462.1,ENSG00000036257.12,NM_003590.4,NP_003581,Q13618
CUX1	cut-like homeobox 1	1523.0	7:101816011-102258233	1	Yes	7q22.1	yes		endometrial, melanoma, colorectal, AML, MDS, other tumour types			E,L,M,O	Dom	oncogene, TSG	N,F,S,Mis,O,T	CLDN7			CASP,CCDS56498.1,CDP,CDP/Cut,CDP/Cux,CDP1,CUT,CUTL1,CUX,Clox,Cux/CDP,ENSG00000257923.10,GOLIM6,NM_001202543.1,NP_001189472,P39880
CYLD	familial cylindromatosis gene	1540.0	16:50742760-50801935	1	Yes	16q12.1	yes	yes	cylindroma	cylindroma	familial cylindromatosis, familial trichoepithelioma, Brooke-Spiegler syndrome	E	Rec	TSG	Mis, N, F, S				CCDS45482.1,CYLD1,ENSG00000083799.17,KIAA0849,Q9NQC7,USPL2
DAXX	death-domain associated protein	1616.0	6:33318558-33323014	1	Yes	6p21.32	yes		pancreatic neuroendocrine tumour, paediatric glioblastoma			E	Rec	oncogene, TSG	Mis, F, N				CCDS4776.1,DAP6,ENSG00000204209.12,NM_001350.4,NP_001341,NP_001135441,NP_001135442.1,Q9UER7
DDB2	damage-specific DNA binding protein 2	1643.0	11:47214942-47239240	1	Yes	11p11.2		yes		skin basal cell, skin squamous cell, melanoma	xeroderma pigmentosum (E)	E	Rec	oncogene, TSG	Mis, N				CCDS7927.1,DDBB,ENSG00000134574.11,FLJ34321,NM_000107.2,NP_000098,Q92466,UV-DDB2,XPE
DDX10	DEAD (Asp-Glu-Ala-Asp) box polypeptide 10	1662.0	11:108665025-108940930	1	Yes	11q22.3	yes		AML*			L	Dom	TSG, fusion	T	NUP98			CCDS8342.1,Dbp4,ENSG00000178105.9,HRH-J8,NM_004398.3,NP_004389,Q13206
DDX3X	DEAD-box helicase 3, X-linked	1654.0	X:41333284-41351668	1	Yes	Xp11.4	yes		CLL, medulloblastoma			L, O		TSG	Mis, N, F		yes	Mental retardation, X-linked 102	CCDS43931.1,DBX,DDX14,DDX3,ENSG00000215301.10,HLP2,NM_001356.4,NP_001347
DICER1	dicer 1, ribonuclease type III	23405.0	14:95086228-95158010	1	Yes	14q32.13	yes	yes	sex cord-stromal tumour, TGCT, embryonal rhabdomyosarcoma, pleuropulmonary blastoma, pituitary blastoma, Wilms tumour, thyroid cancer, other tumour types	pleuropulmonary blastoma	familial pleuropulmonary blastoma or DICER1 syndrome	E, M, O	Rec	TSG	Mis, F, N				CCDS9931.1,Dicer,ENSG00000100697.14,HERNA,K12H4.8-LIKE,KIAA0928,MNG1,NM_030621.4,NP_001278557,NP_085124,Q9UPY3
DNM2	dynamin 2	1785.0	19:10718131-10831903	1	Yes	19p13.2	yes		T-ALL			L	Rec	TSG	F, N, S, Mis, O		yes	Charcot-Marie-Tooth disease, centronuclear myopathy,  lethal congenital contracture syndrome 5	CCDS45969.1,CMT2M,CMTDI1,CMTDIB,DI-CMTB,DYN2,DYNII,ENSG00000079805.16,NM_001005361.2,NP_001005361,P50570
DNMT3A	DNA (cytosine-5-)-methyltransferase 3 alpha	1788.0	2:25227855-25342590	1	Yes	2p23.3	yes		AML			L	Dom	TSG	Mis, F, N, S				CCDS33157.1,ENSG00000119772.16,NM_175629.2,NP_783328,Q9Y6K1
DROSHA	drosha ribonuclease III	29102.0	5:31400497-31532061	1	Yes	5p13.3	yes		Wilms tumour, NSCLC, bladder carcinoma			E, O		TSG	A, Mis, N, F				CCDS47195.1,ENSG00000113360.16,Etohi2,HSA242976,NM_013235.4,NP_037367,Q9NRR4,RN3,RNASE3L,RNASEN
EBF1	early B-cell factor 1	1879.0	5:158695920-159099761	1	Yes	5q33.3	yes		lipoma			M	Dom	TSG, fusion	T	HMGA2			CCDS4343.1,COE1,EBF,ENSG00000164330.16,NM_024007.4,NP_076870,NP_001277289.1,NP_001311037.1,NP_001311036.1,NP_001311040.1,NP_001311035.1,NP_001311032.1,NP_001311030.1,OLF1,Q9UH73
EED	embryonic ectoderm development	8726.0	11:86245223-86278813	2		11q14.2	yes		malignant peripheral nerve sheath tumours, MDS and related, lung adenocarcinoma			E, L		TSG	Mis, F				CCDS76463.1,ENSG00000074266.19,HEED,NM_001308007.1,NP_001294936,O75530,WAIT-1
EIF3E	eukaryotic translation initiation factor 3, subunit E	3646.0	8:108201743-108248765	1	Yes	8q23.1	yes		colorectal			E	Dom	TSG, fusion	T	RSPO3			CCDS6308.1,EIF3S6,ENSG00000104408.9,INT6,NM_001568.2,NP_001559,P60228,eIF3-p48,eIF3e
ELF3	E74 like ETS transcription factor 3	1999.0	1:202007945-202016009	2		1q32.1	yes		pancreatic cancer			E		TSG	Mis, N, F				CCDS1419.1,ENSG00000163435.15,EPR-1,ERT,ESE-1,ESX,P78545
ELF4	E74-like factor 4 (ets domain transcription factor)	2000.0	X:130064928-130110495	1	Yes	Xq26.1	yes		AML			L	Dom	oncogene, TSG, fusion	T	ERG			CCDS14617.1,ELFR,ENSG00000102034.16,MEF,NM_001421.3,NP_001412,Q99607
ELL	ELL gene (11-19 lysine-rich leukemia gene)	8178.0	19:18442663-18522127	1	Yes	19p13.11	yes		AL			L	Dom	TSG, fusion	T	KMT2A			C19orf17,CCDS12380.1,ELL1,ENSG00000105656.12,Men,NM_006532.3,NP_006523,P55199,PPP1R68
EP300	300 kd E1A-Binding protein gene	2033.0	22:41091786-41180079	1	Yes	22q13.2	yes		colorectal, breast, pancreatic, AML, ALL, DLBCL			L, E	Rec	TSG, fusion	T,  N, F, Mis, O	KMT2A, KAT6A			CCDS14010.1,ENSG00000100393.12,KAT3B,NM_001429.3,NP_001420,Q09472,p300
EPAS1	endothelial PAS domain protein 1	2034.0	2:46297402-46386703	1	Yes	2p21	yes		paraganglioma, pheochromocytoma, central nervous system hemangioblastomas			E, M	Dom	oncogene, TSG	Mis		yes	type 3 familial erythrocytosis	CCDS1825.1,ENSG00000116016.13,HIF2A,HLF,MOP2,NM_001430.4,NP_001421,PASD2,Q99814,bHLHe73
EPS15	epidermal growth factor receptor pathway substrate 15 (AF1p)	2060.0	1:51354263-51519328	1	Yes	1p32.3	yes		ALL			L	Dom	TSG, fusion	T	KMT2A			AF-1P,CCDS557.1,ENSG00000085832.16,MLLT5,NM_001981.2,NP_001972,P42566
ERBB4	erb-b2 receptor tyrosine kinase 4	2066.0	2:211375717-212538841	1	Yes	2q34	yes	yes	melanoma, gastric, NSCLC			E	Dom	oncogene, TSG	Mis, N		yes	Amyotrophic lateral sclerosis 19	ALS19,CCDS2394.1,ENSG00000178568.14,HER4,NM_005235.2,NP_005226,Q15303
ERCC2	excision repair cross-complementing rodent repair deficiency, complementation group 2 (xeroderma pigmentosum D)	2068.0	19:45349837-45370587	1	Yes	19q13.32		yes		skin basal cell, skin squamous cell, melanoma	xeroderma pigmentosum (D)	E	Rec	TSG	Mis, N, F, S				CCDS33049.1,EM9,ENSG00000104884.15,MAG,MGC102762,MGC126218,MGC126219,NM_000400.3,NP_000391,P18074,TFIIH,XPD
ERCC3	excision repair cross-complementing rodent repair deficiency, complementation group 3 (xeroderma pigmentosum group B complementing)	2071.0	2:127257290-127294176	1	Yes	2q14.3		yes		skin basal cell, skin squamous cell, melanoma	xeroderma pigmentosum (B)	E	Rec	TSG	Mis, S				BTF2,CCDS2144.1,ENSG00000163161.13,GTF2H,NM_001303418.1,NP_000113,NP_001290345.1,NP_001290347.1,P19447,RAD25,TFIIH,XPB
ERCC4	excision repair cross-complementing rodent repair deficiency, complementation group 4	2072.0	16:13920157-13952345	1	Yes	16p13.12		yes		skin basal cell, skin squamous cell, melanoma	xeroderma pigmentosum (F)	E	Rec	TSG	Mis, N, F				CCDS32390.1,ENSG00000175595.14,FANCQ,NM_005236.2,NP_005227,Q92889,RAD1,XPF
ERCC5	excision repair cross-complementing rodent repair deficiency, complementation group 5 (xeroderma pigmentosum, complementation group G (Cockayne syndrome))	2073.0	13:102844844-102876001	1	Yes	13q33.1		yes		skin basal cell, skin squamous cell, melanoma	xeroderma pigmentosum (G)	E	Rec	TSG	Mis, N, F				CCDS32004.1,ENSG00000134899.19,ERCM2,NM_000123.3,NP_000114,NP_000114.2,P28715,XPGC
ESR1	estrogen receptor 1	2099.0	6:151690496-152103274	1	Yes	6q25.2	yes		breast			E	Dom	oncogene, TSG, fusion	Mis				CCDS5234.1,ENSG00000091831.23,ER-alpha,ESR,Era,NM_001122742.1,NP_001116214,NR3A1,P03372
ETNK1	ethanolamine kinase 1	55500.0	12:22625075-22690665	1	Yes	12p12.1	yes		aCML, CMML, SM-AHD, HES			L	Dom	TSG	Mis				CCDS8698.1,EKI,EKI1,ENSG00000139163.15,NM_018638.4,NP_061108,Q9HBU6
ETV6	ets variant gene 6 (TEL oncogene)	2120.0	12:11649854-11895402	1	Yes	12p13.2	yes		congenital fibrosarcoma, multiple different leukaemia and lymphoma tumour types including ALL, secretory breast, MDS			L, E, M	Dom	TSG, fusion	T	NTRK3, RUNX1, PDGFRB, ABL1, MN1, ABL2, ACSL6, CHIC2, ARNT, JAK2, MECOM, CDX2, RNF217-AS1, MNX1, MDS2, PER1, SYK, TTL, FGFR3, PAX5			CCDS8643.1,ENSG00000139083.10,NM_001987.4,NP_001978,P41212,TEL
EXT1	multiple exostoses type 1 gene	2131.0	8:117794490-118111853	1		8q24.11		yes		exostoses, osteosarcoma	multiple exostoses type 1	M	Rec	TSG, fusion	Mis, N, F, S				CCDS6324.1,ENSG00000182197.10,LGCR,LGS,NM_000127.2,NP_000118,Q16394,ttv
EXT2	multiple exostoses type 2 gene	2132.0	11:44096197-44245429	1		11p11.2		yes		exostoses, osteosarcoma	multiple exostoses type 2	M	Rec	TSG	Mis, N, F, S				CCDS53618.1,ENSG00000151348.13,NM_000401.3,NP_000392,Q93063,SOTV
EZH2	enhancer of zeste homolog 2	2146.0	7:148807385-148884278	1	Yes	7q36.1	yes		DLBCL			L	Dom	oncogene, TSG	Mis				CCDS5891.1,ENSG00000106462.10,ENX-1,EZH1,KMT6,KMT6A,NM_004456.4,NP_004447,Q15910
FANCA	Fanconi anemia, complementation group A	2175.0	16:89737549-89816646	1		16q24.3		yes		AML, leukaemia	Fanconi anaemia A	L	Rec	TSG	D, Mis, N, F, S				CCDS32515.1,ENSG00000187741.14,FA-H,FAA,FACA,FAH,FANCH,NM_000135.2,NP_000126,O15360
FANCC	Fanconi anemia, complementation group C	2176.0	9:95099054-95317702	1		9q22.32		yes		AML, leukaemia	Fanconi anaemia C	L	Rec	TSG	D, Mis, N, F, S				CCDS35071.1,ENSG00000158169.12,FA3,FAC,FACC,NM_000136.2,NP_000127,Q00597
FANCD2	Fanconi anemia, complementation group D2	2177.0	3:10026414-10099660	1	Yes	3p25.3		yes		AML, leukaemia	Fanconi anaemia D2	L	Rec	TSG	D, Mis, N, F				CCDS2595.1,ENSG00000144554.10,FA-D2,FACD,FAD,FANCD,NM_033084.4,NP_149075,Q9BXW9
FANCE	Fanconi anemia, complementation group E	2178.0	6:35452361-35467103	1		6p21.31		yes		AML, leukaemia	Fanconi anaemia E	L	Rec	TSG	N, F, S				CCDS4805.1,ENSG00000112039.3,FACE,FAE,NM_021922.2,NP_068741,Q9HB96
FANCF	Fanconi anemia, complementation group F	2188.0	11:22622519-22626787	1		11p14.3		yes		AML, leukaemia	Fanconi anaemia F	L	Rec	TSG	N, F				CCDS7857.1,ENSG00000183161.4,FAF,NM_022725.3,NP_073562,Q9NPI8
FANCG	Fanconi anemia, complementation group G	2189.0	9:35073838-35080016	1		9p13.3		yes		AML, leukaemia	Fanconi anaemia G	L	Rec	TSG	Mis, N, F, S				CCDS6574.1,ENSG00000221829.9,FAG,NM_004629.1,NP_004620,O15287,XRCC9
FAS	Fas cell surface death receptor	355.0	10:88990657-89015785	1	Yes	10q23.31	yes		TGCT, nasal NK/T lymphoma, skin squamous cell carcinoma-burn scar related			L, E, O	Rec	TSG	Mis		yes	Autoimmune lymphoproliferative syndrome	APO-1,APT1,CCDS7393.1,CD95,ENSG00000026103.21,FAS1,NM_000043.5,NP_000034,P25445,TNFRSF6
FAT1	FAT atypical cadherin 1	2195.0	4:186587783-186723855	1	Yes	4q35.2	yes	yes	oral squamous cell, chemorefractory CLL, head and neck, pancreatic acinar cell carcinoma	pancreatic		E, L		TSG	Mis, N, F, S				CCDS47177.1,CDHF7,CDHR8,ENSG00000083857.13,FAT,NM_005245.3,NP_005236,Q14517
FAT4	FAT atypical cadherin 4	79633.0	4:125316399-125492932	1	Yes	4q28.1	yes		lymphoma, pancreatic, head and neck, melanoma, hepatocellular carcinoma			E, L		TSG	Mis, N		yes	Hennekam lymphangiectasia-lymphedema syndrome 2, Van Maldergem syndrome 2	CCDS3732.3,CDHF14,CDHR11,ENSG00000196159.11,FAT-J,NM_024582.4,NP_078858,NP_001278214.1,NP_001278232.1,Q6V0I7
FBLN2	fibulin 2	2199.0	3:13549131-13638422	2		3p25.1	yes		breast cancer, colorectal adenocarcinoma			E		TSG	Mis, S				CCDS46761.1,ENSG00000163520.13,NM_001004019.1,NP_001004019,P98095
FBXO11	F-box protein 11	80204.0	2:47806920-47905793	1	Yes	2p16.3	yes		DLBCL			L	Rec	TSG	Mis, F, D				CCDS54357.1,ENSG00000138081.20,FBX11,NM_001190274.1,NP_001177203,Q86XK2,UBR6
FBXW7	F-box and WD-40 domain protein 7 (archipelago homolog, Drosophila)	55294.0	4:152320544-152536063	1	Yes	4q31.3	yes		colorectal, endometrial, T-ALL			E, L	Rec	TSG	Mis, N, D, F				AGO,CCDS3777.1,CDC4,ENSG00000109670.14,FBW7,FBX30,FBXW6,FLJ11071,NM_033632.3,NP_361014,Q969H0,SEL-10,SEL10
FEN1	flap structure-specific endonuclease 1	2237.0	11:61792637-61797244	2		11q12.2		yes		breast cancer		E		TSG					CCDS8010.1,ENSG00000168496.3,FEN-1,MF1,NM_004111.5,NP_004102,P39748,RAD2
FES	FES proto-oncogene, tyrosine kinase	2242.0	15:90884412-90895776	1	Yes	15q26.1	yes		HNSCC, ovarian carcinoma			E		oncogene, TSG	Mis, F				CCDS10365.1,ENSG00000182511.11,FPS,NM_002005.3,NP_001996,P07332
FH	fumarate hydratase	2271.0	1:241497603-241519761	1		1q43		yes		leiomyomatosis, renal	hereditary leiomyomatosis and renal cell cancer	E, M	Rec	TSG	Mis, N, F				CCDS1617.1,ENSG00000091483.6,NM_000143.3,NP_000134,P07954
FHIT	fragile histidine triad gene	2272.0	3:59751407-61251459	1	Yes	3p14.2	yes		pleomorphic salivary gland adenoma			E	Dom	TSG, fusion	T	HMGA2			AP3Aase,CCDS2894.1,ENSG00000189283.9,FRA3B,NM_001320900.1,NP_001307828,NP_001307829,P49789
FLCN	folliculin	201163.0	17:17212212-17237139	1		17p11.2		yes		renal, fibrofolliculomas, trichodiscomas	Birt-Hogg-Dube syndrome	E, M	Rec	TSG	Mis. N, F				BHD,CCDS32579.1,ENSG00000154803.12,MGC17998,MGC23445,NM_144997.5,NP_659434,NP_001340160.1,NP_001340159.1,Q8NFG4
FOXL2	forkhead box L2	668.0	3:138944224-138947140	1	Yes	3q22.3	yes		granulosa-cell tumour of the ovary			O	Dom	oncogene, TSG	Mis		yes	Blepharophimosis, ptosis and epicanthus inversus Types I, II; Premature ovarian failure type III	BPES,BPES1,CCDS3105.1,ENSG00000183770.5,NM_023067.3,NP_075555,P58012
FOXO1	forkhead box O1	2308.0	13:40555667-40666597	1		13q14.11	yes		alveolar rhabdomyosarcoma			M	Dom	oncogene, TSG, fusion	T	PAX3, PAX7			CCDS9371.1,ENSG00000150907.7,FKH1,FKHR,FOXO1A,NM_002015.3,NP_002006,Q12778
FOXO3	forkhead box O3	2309.0	6:108560866-108684768	1		6q21	yes		AL			L	Dom	oncogene, TSG, fusion	T	KMT2A			AF6q21,CCDS5068.1,ENSG00000118689.14,FKHRL1,FOXO2,FOXO3A,NM_001455.3,NP_001446,O43524
FOXO4	forkhead box O4	4303.0	X:71096197-71103535	1		Xq13.1	yes		AL, soft tissue sarcoma			L, M	Dom	oncogene, TSG, fusion	T	KMT2A, CIC			AFX1,CCDS43969.1,ENSG00000184481.16,MLLT7,NM_005938.3,NP_005929,P98177
FUS	fusion, derived from t(12;16) malignant liposarcoma	2521.0	16:31180110-31194871	1	Yes	16p11.2	yes		liposarcoma, AML, Ewing sarcoma, angiomatoid fibrous histiocytoma, fibromyxoid sarcoma			M, L	Dom	TSG, fusion	T	DDIT3, ERG, FEV, ATF1, CREB3L2, CREB3L1, NFATC2			ALS6,CCDS10707.1,ENSG00000089280.18,FUS1,HNRNPP2,NM_004960.3,NP_004951,NP_001164408.1,P35637,TLS,hnRNP-P2
GATA1	GATA binding protein 1 (globin transcription factor 1)	2623.0	X:48786554-48794308	1	Yes	Xp11.23	yes		megakaryoblastic leukaemia of Downs syndrome			L	Dom	oncogene, TSG	Mis, F				CCDS14305.1,ENSG00000102145.13,ERYF1,GATA-1,GF1,NF-E1,NFE1,NM_002049.3,NP_002040,P15976
GATA3	GATA binding protein 3	2625.0	10:8054653-8075203	1	Yes	10p14	yes		breast			E	Rec	oncogene, TSG	F, N, S		yes	HDR syndrome (hypoparathyroidism, sensorineural deafness, and renal disease)	CCDS31143.1,ENSG00000107485.16,HDR,NM_001002295.1,NP_001002295,P23771
GPC3	glypican 3	2719.0	X:133535754-133985646	1	Yes	Xq26.2		yes		Wilms tumour	Simpson-Golabi-Behmel syndrome	O	Rec/X	oncogene, TSG	D, Mis, N, F, S				CCDS55496.1,DGSX,ENSG00000147257.13,NM_001164617.1,NP_001158089,OCI-5,P51654,SDYS,SGB,SGBS,SGBS1
GPC5	glypican 5	2262.0	13:91398607-92867237	2		13q31.3	yes		lung adenocarcinoma			E		TSG	D				CCDS9468.1,ENSG00000179399.14,NM_004466.5,NP_004457,P78333
GRIN2A	glutamate receptor, ionotropic, N-methyl D-aspartate 2A	2903.0	16:9753404-10182754	1	Yes	16p13.2	yes		melanoma, colorectal carcinoma, gastric carcinoma, lung carcinoma			E	Rec	TSG	Mis, N, F, O		yes	Focal epilepsy and speech disorder with or without mental retardation	CCDS10539.1,ENSG00000183454.16,GluN2A,NMDAR2A,NM_000833.4,NP_000824,Q12879
HNF1A	HNF1 homeobox A	6927.0	12:120978749-121001269	1	Yes	12q24.31	yes	yes	hepatic adenoma, hepatocellular	hepatic adenoma, hepatocellular carcinoma	familial hepatic adenoma	E	Rec	TSG	Mis, F		yes	Maturity-onset diabetes of the young, TYPE III	CCDS76611.1,ENSG00000135100.17,HNF1,LFB1,MODY3,NM_001306179.1,NP_001293108,NP_001293108.1,TCF1
HOXA11	homeo box A11	3207.0	7:27181515-27185216	1	Yes	7p15.2	yes		CML			L	Dom	oncogene, TSG, fusion	T	NUP98			CCDS5411.1,ENSG00000005073.5,HOX1,HOX1I,NM_005523.5,NP_005514,P31270
HOXA9	homeo box A9	3205.0	7:27162435-27165530	1		7p15.2	yes		AML*			L	Dom	oncogene, TSG, fusion	T	NUP98, MSI2			CCDS5409.1,ENSG00000078399.17,HOX1,HOX1G,NM_152739.3,NP_689952,P31269
ID3	inhibitor of DNA binding 3, HLH protein	3399.0	1:23557918-23559794	2		1p36.12	yes		Burkitt lymphoma			L		TSG	Mis, N				CCDS237.1,ENSG00000117318.8,HEIR-1,NM_002167.4,NP_002158,Q02535,bHLHb25
IGF2BP2	insulin like growth factor 2 mRNA binding protein 2	10644.0	3:185643975-185825012	2		3q27.2	yes		lymphoma			L		TSG	D		yes	Diabetes mellitus, noninsulin-dependent, susceptibility	CCDS77870.1,ENSG00000073792.15,IMP-2,NM_001291869.1,NP_001278798
IKZF1	IKAROS family zinc finger 1	10320.0	7:50304669-50405101	1	Yes	7p12.2	yes		ALL, DLBCL			L	Dom/Rec	TSG, fusion	D,T	BCL6			CCDS75596.1,ENSG00000185811.18,Hs.54452,IKAROS,LyF-1,NM_006060.5,NP_006051,PPP1R92,ZNFN1A1,hIk-1
IKZF3	IKAROS Family Zinc Finger 3	22806.0	17:39757715-39864188	1		17q21.1	yes		B-ALL, CLL, breast cancer, colorectal cancer			L, E		oncogene, TSG, fusion	D, Mis, F, N, T	NAGLU, VAPB			Aiolos,CCDS11346.1,ENSG00000161405.16,NM_012481.4,NP_036613,Q9UKT9,ZNFN1A3
IRF4	interferon regulatory factor 4	3662.0	6:391739-411447	1		6p25.3	yes		MM			L	Dom	oncogene, TSG, fusion	T	IGH			CCDS4469.1,ENSG00000137265.14,LSIRF,MUM1,NM_002460.3,NP_002451,NP_001182215.1,Q15306
IRS4	insulin receptor substrate 4	8471.0	X:108732482-108736409	1	Yes	Xq22.3	yes		glioma, rhabdomyosarcoma, melanoma, breast cancer, T-ALL			E, O, M, L		oncogene, TSG	Mis, F, T	TRB			CCDS14544.1,ENSG00000133124.11,IRS-4,NM_003604.2,NP_003595,O14654,PY160
JAK1	Janus kinase 1	3716.0	1:64833229-64966504	1	Yes	1p31.3	yes		ALL			L	Dom	oncogene, TSG	Mis				CCDS41346.1,ENSG00000162434.11,JAK1A,JAK1B,JTK3,NM_002227.3,NP_002218,NP_001308782,NP_001307852,NP_001308784,NP_001308785,NP_001308781,NP_001308783,NP_001308786.1,P23458
KAT6B	K(lysine) acetyltransferase 6B	23522.0	10:74826625-75032622	1		10q22.2	yes		AML, leiomyoma			L, M	Dom	TSG, fusion	T	CREBBP, KANSL1		Genitopatellar syndrome, Say-Barber-Biesecker/Young-Simpson syndrome	CCDS7345.1,ENSG00000156650.12,MOZ2,MYST4,Morf,NM_012330.3,NP_036462,Q8WYB5,ZC2HC6B,qkf,querkopf
KDM5C	lysine (K)-specific demethylase 5C (JARID1C)	8242.0	X:53192152-53225422	1	Yes	Xp11.22	yes		clear cell renal carcinoma			E	Rec	TSG	N, F, S, Mis		yes	 X-linked mental retardation syndromic Claes-Jensen-type.	CCDS14351.1,DXS1272E,ENSG00000126012.11,JARID1C,MRX13,NM_004187.3,NP_004178,P41229,SMCX,XE169
KDM6A	lysine (K)-specific demethylase 6A, UTX	7403.0	X:44873511-45112602	1	Yes	Xp11.3	yes		renal cell carcinoma, bladder carcinoma, oesophageal SCC, MM, medulloblastoma, T-ALL, other tumour types			E, L	Rec	oncogene, TSG	D, N, F, S		yes	Kabuki syndrome	CCDS14265.1,ENSG00000147050.14,NM_021140.3,NP_066963,O15550,UTX
KEAP1	kelch like ECH associated protein 1	9817.0	19:10486120-10503741	1	Yes	19p13.2	yes		NSCLC, breast carcinoma			E		TSG	Mis, N, F				CCDS12239.1,ENSG00000079999.13,INrf2,KIAA0132,KLHL19,MGC10630,MGC1114,MGC20887,MGC4407,MGC9454,NM_203500.1,NP_987096,Q14145
KLF4	Kruppel-like factor 4	9314.0	9:107484852-107489646	1	Yes	9q31.2	yes		meningioma			O	Dom	oncogene, TSG	Mis				CCDS6770.2,ENSG00000136826.14,EZF,GKLF,NM_004235.5,NP_004226,NP_001300981.1,O43474
KLF6	Kruppel-like factor 6	1316.0	10:3775996-3785275	1		10p15.2	yes		prostate, glioma			E, O	Rec	TSG	Mis, N				BCD1,CCDS7060.1,COPEB,CPBP,ENSG00000067082.14,GBF,NM_001300.5,NP_001291,NP_001153596.1,PAC1,Q99612,ST12,Zf9
KMT2C	lysine (K)-specific methyltransferase 2C	58508.0	7:152134925-152436005	1	Yes	7q36.1	yes		medulloblastoma			O	Rec	TSG	N				CCDS5931.1,ENSG00000055609.17,HALR,KIAA1506,MLL3,NM_170606.2,NP_733751,Q8NEZ4
KMT2D	lysine (K)-specific methyltransferase 2D	8085.0	12:49018975-49055324	1	Yes	12q13.12	yes		medulloblastoma, renal			O, E	Rec	oncogene, TSG	N, F, Mis				ALR,CAGL114,CCDS44873.1,ENSG00000167548.14,MLL2,MLL4,NM_003482.3,NP_003473,O14686,TNRC21
KNL1	cancer susceptibility candidate 5	57082.0	15:40594020-40664342	1	Yes	15q15.1	yes		AML			L	Dom	TSG, fusion	T	KMT2A			AF15Q14,CASC5,CCDS42023.1,CT29,D40,ENSG00000137812.19,KIAA1570,MCPH4,NM_170589.4,NP_733468,PPP1R55,Q8NG31,Spc7,hKNL-1,hSpc105
LARP4B	La ribonucleoprotein domain family member 4B	23185.0	10:806914-931705	2		10p15.3	yes		CRC, glioma			E, O		TSG	F, D				CCDS31131.1,ENSG00000107929.14,KIAA0217,LARP5,NM_015155.2,NP_055970,Q92615
LATS1	large tumor suppressor kinase 1	9113.0	6:149658153-149718256	1	Yes	6q25.1	yes		skin basal cell carcinoma			E		TSG	Mis, N				CCDS34551.1,ENSG00000131023.12,NM_004690.3,NP_004681,O95835,WARTS
LATS2	large tumor suppressor kinase 2	26524.0	13:20973032-21061547	1	Yes	13q12.11	yes		malignant mesothelioma			E		TSG	D, F, N				CCDS9294.1,ENSG00000150457.8,NM_014572.2,NP_055387,Q9NRM7
LEF1	lymphoid enhancer binding factor 1	51176.0	4:108047545-108168422	1	Yes	4q25	yes		B-ALL, T-ALL, eyelid sebaceous carcinoma, AML, lymphomas			L, E		oncogene, TSG	Mis, N				CCDS3679.1,ENSG00000138795.9,NM_016269.4,NP_057353,Q9UJU2,TCF10,TCF1ALPHA,TCF7L3
LEPROTL1	leptin receptor overlapping transcript like 1	23484.0	8:30095480-30138348	2		8p12	yes		lung cancer, colon cancer			E		TSG	D				CCDS47834.1,ENSG00000104660.17,NM_001128208.1,NP_001121680,O95214,Vps55,my047
LRIG3	leucine-rich repeats and immunoglobulin-like domains 3	121227.0	12:58872149-58920522	1		12q14.1	yes		NSCLC			E	Dom	TSG, fusion	T	ROS1			CCDS8960.1,ENSG00000139263.11,FLJ90440,KIAA3016,NM_153377.4,NP_700356,Q6UXM1
LRP1B	LDL receptor related protein 1B	53353.0	2:140231423-142131701	1	Yes	2q22.2	yes		CLL, ovarian cancer, oesophageal squamous cell carcinoma, urothelial cancer			E, L	Rec	TSG	D, Mis, N, F				CCDS2182.1,ENSG00000168702.17,LRP-DIT,LRPDIT,NM_018557.2,NP_061027,Q9NZR2
LZTR1	leucine-zipper-like transcription regulator 1	8216.0	22:20982013-20999038	1	Yes	22q11.21	yes	yes	glioblastoma	glioblastoma, schwannoma	Schwannomatosis-2	E	Dom	TSG	Mis, F, N		yes	Noonan syndrome 10	BTBD29,CCDS33606.1,ENSG00000099949.19,LZTR-1,Q8N653
MALAT1	metastasis associated lung adenocarcinoma transcript 1 ( lnc-RNA; non-protein coding)		11:65497762-65506469	2		11q13.1	yes		renal cell carcinoma (childhood epithelioid), lung			E	Dom	oncogene, TSG, fusion	T	TFEB			
MAP2K4	mitogen-activated protein kinase kinase 4	6416.0	17:12020834-12143830	1	Yes	17p12	yes		pancreatic, breast, colorectal			E	Rec	oncogene, TSG	D, Mis, N				CCDS62095.1,ENSG00000065559.14,JNKK1,MEK4,MKK4,NM_001281435.1,NP_001268364,P45985,PRKMK4,SERK1
MAP3K1	mitogen-activated protein kinase kinase kinase 1, E3 ubiquitin protein ligase	4214.0	5:56815574-56896152	1	Yes	5q11.2	yes		luminal A breast			E	Rec	oncogene, TSG	N, F, Mis, O, S		yes	46,XY sex reversal 6	CCDS43318.1,ENSG00000095015.5,MAPKKK1,MEKK,MEKK1,NM_005921.1,NP_005912,Q13233
MAP3K13	mitogen-activated protein kinase kinase kinase 13	9175.0	3:185363120-185489097	1	Yes	3q27.2	yes		breast			E	Rec	oncogene, TSG	F				CCDS3270.1,ENSG00000073803.13,LZK,MEKK13,NM_004721.4,NP_004712,O43283
MAX	Myc associated factor X	4149.0	14:65075544-65102470	1	Yes	14q23.3	yes	yes	pheochromocytoma, endometrioid carcinoma, colon carcinoma	pheochromocytoma		E, O	Rec	TSG	Mis, N, F				CCDS9771.1,ENSG00000125952.18,NM_002382.4,NP_002373,P61244,bHLHd4,bHLHd5,bHLHd6,bHLHd7,bHLHd8
MED12	mediator complex subunit 12	9968.0	X:71118723-71142447	1	Yes	Xq13.1	yes		uterine leiomyoma, fibroadenoma, phyllodes tumour			M, E	Dom	TSG	Mis, S, O		yes	Opitz-Kaveggia Syndrome	CAGH45,CCDS43970.1,ENSG00000184634.15,FGS1,HOPA,KIAA0192,NM_005120.2,NP_005111,OKS,OPA1,Q93074,TNRC11,TRAP230
MEN1	multiple endocrine neoplasia type 1 gene	4221.0	11:64803524-64811294	1	Yes	11q13.1	yes	yes	parathyroid tumours, pancreatic neuroendocrine tumour	parathyroid adenoma, pituitary adenoma, pancreatic islet cell, carcinoid	multiple endocrine neoplasia type 1	E	Rec	TSG	D, Mis, N, F, S				CCDS8083.1,ENSG00000133895.14,NM_130803.2,NP_570715,NP_570715.1,O00255
MGMT	O-6-methylguanine-DNA methyltransferase	4255.0	10:129467184-129768007	2		10q26.3	yes		glioma			O		TSG	D				CCDS7660.2,ENSG00000170430.9,NM_002412.4,NP_002403,P16455
MLF1	myeloid leukemia factor 1	4291.0	3:158582835-158606459	1		3q25.32	yes		AML			L	Dom	TSG, fusion	T	NPM1			CCDS56286.1,ENSG00000178053.17,NM_001195432.1,NP_001182361,P58340
MLH1	E.coli MutL homolog gene	4292.0	3:36993332-37050918	1	Yes	3p22.2	yes	yes	colorectal, endometrial, ovarian, CNS tumours	colorectal, endometrial, ovarian, CNS	hereditary non-polyposis colorectal cancer, Turcot syndrome	E, O	Rec	TSG	D, Mis, N, F, S				CCDS2663.1,COCA2,ENSG00000076242.14,FCC2,HNPCC,HNPCC2,NM_001354620.1,NP_000240,NP_001341546.1,NP_001341549.1,P40692
MRTFA	megakaryoblastic leukemia (translocation) 1	57591.0	22:40411390-40533635	1		22q13.2	yes		acute megakaryocytic leukaemia			L	Dom	oncogene, TSG, fusion	T	RBM15			BSAC,CCDS82720.1,ENSG00000196588.15,KIAA1438,MAL,MKL,MKL1,MRTF-A,NM_001318139.1,NP_001305068
MSH2	mutS homolog 2 (E. coli)	4436.0	2:47402969-47483228	1	Yes	2p21	yes	yes	colorectal, endometrial, ovarian	colorectal, endometrial, ovarian	hereditary non-polyposis colorectal cancer	E	Rec	TSG	D, Mis, N, F, S				CCDS1834.1,COCA1,ENSG00000095002.14,HNPCC,HNPCC1,NM_000251.2,NP_000242,P43246
MSH6	mutS homolog 6 (E. coli)	2956.0	2:47783082-47810101	1	Yes	2p16.3	yes	yes	colorectal	colorectal, endometrial, ovarian	hereditary non-polyposis colorectal cancer	E	Rec	TSG	Mis, N, F, S				CCDS1836.1,ENSG00000116062.14,GTBP,NM_000179.2,NP_000170,P52701
MUTYH	mutY homolog (E. coli)	4595.0	1:45329242-45340388	1		1p34.1		yes		colorectal	adenomatous polyposis coli	E	Rec	TSG	Mis				CCDS520.1,ENSG00000132781.17,MYH,NM_012222.2,NP_036354,Q9UIF7
MYH9	myosin, heavy polypeptide 9, non-muscle	4627.0	22:36281277-36388067	1		22q12.3	yes		ALCL			L	Dom	TSG, fusion	T	ALK	yes	Deafness, autosomal dominant 17, Epstein syndrome, Fechtner syndrome, May-Hegglin anomaly, Sebastian syndrome	CCDS13927.1,DFNA17,ENSG00000100345.21,EPSTS,FTNS,MHA,NMHC-II-A,NMMHCA,NM_002473.5,NP_002464,P35579
N4BP2	NEDD4 binding protein 2	55728.0	4:40056826-40158252	2		4p14	yes		lung cancer			E		TSG	D				B3BP,CCDS3457.1,ENSG00000078177.13,NM_018177.5,NP_060647,NP_001305288.1,Q86UW6
NAB2	NGFI-A binding protein 2	4665.0	12:57088894-57095476	1	Yes	12q13.3	yes		solitary fibrous tumour, meningeal haemangiopericytoma			M, O	Dom	TSG, fusion	T	STAT6			CCDS8930.1,ENSG00000166886.12,MADER,NM_005967.3,NP_005958,Q15742
NBN	nibrin	4683.0	8:89933336-89984716	1		8q21.3		yes		NHL, glioma, medulloblastoma, rhabdomyosarcoma	Nijmegen breakage syndrome	L, E, M, O	Rec	TSG	Mis, N, F				AT-V1,AT-V2,ATV,CCDS6249.1,ENSG00000104320.13,NBS,NBS1,NM_002485.4,NP_002476,O60934
NCOA4	nuclear receptor coactivator 4 - PTC3 (ELE1)	8031.0	10:46006412-46030607	1		10q11.22	yes		papillary thyroid			E	Dom	TSG, fusion	T	RET			ARA70,CCDS73094.1,DKFZp762E1112,ELE1,ENSG00000266412.5,NM_001145260.1,NP_001138732,PTC3,Q13772,RFG
NCOR1	nuclear receptor corepressor 1	9611.0	17:16029157-16215549	1	Yes	17p12	yes		breast			E	Rec	TSG	Mis, F, N, O		yes	Ulnar-mammary syndrome	CCDS11175.1,ENSG00000141027.20,KIAA1047,MGC104216,N-CoR,NM_006311.3,NP_006302,O75376,PPP1R109,TRAC1,hCIT529I10,hN-CoR
NCOR2	nuclear receptor corepressor 2	9612.0	12:124324415-124495252	1	Yes	12q24.31	yes		prostate			E	Dom	TSG	Mis, F, N, O				CCDS41858.2,CTG26,ENSG00000196498.13,NM_006312.5,NP_006303,SMRT,SMRTE,TNRC14,TRAC-1
NDRG1	N-myc downstream regulated 1	10397.0	8:133237176-133297586	1	Yes	8q24.22	yes		prostate			E	Dom	TSG, fusion	T	ERG			CAP43,CCDS34945.1,DRG1,ENSG00000104419.14,NDR1,NM_001135242.1,NP_001128714,Q92597,RTP,TDD5
NF1	neurofibromatosis type 1 gene	4763.0	17:31094927-31377677	1	Yes	17q11.2	yes	yes	neurofibroma, glioma	neurofibroma, glioma	neurofibromatosis type 1	O	Rec	TSG, fusion	D, Mis, N, F, S, O				CCDS42292.1,ENSG00000196712.17,NM_001042492.2,NP_001035957,P21359
NF2	neurofibromatosis type 2 gene	4771.0	22:29603558-29698598	1	Yes	22q12.2	yes	yes	meningioma, acoustic neuroma, renal	meningioma, acoustic neuroma	neurofibromatosis type 2	O	Rec	TSG	D, Mis, N, F, S, O				ACN,BANF,CCDS13861.1,ENSG00000186575.17,NM_000268.3,NP_000259,P35240,SCH,merlin
NFE2L2	nuclear factor (erythroid-derived 2)-like 2 (NRF2)	4780.0	2:177230305-177265131	1	Yes	2q31.2	yes		NSCLC, HNSCC			E	Dom	oncogene, TSG	Mis				CCDS42782.1,ENSG00000116044.15,NM_006164.4,NP_006155,NP_001300831.1,NP_001300832.1,NRF2,Q16236
NFKB2	nuclear factor of kappa light polypeptide gene enhancer in B-cells 2 (p49/p100)	4791.0	10:102394597-102402524	1		10q24.32	yes		B-NHL			L	Dom	oncogene, TSG, fusion	T	IGH			CCDS41564.1,ENSG00000077150.18,LYT-10,NF-kB2,NM_001322935.1,NP_001309863,NP_001070962,NP_001309864.1,Q00653,p105,p49/p100,p52
NFKBIE	nuclear factor of kappa light polypeptide gene enhancer in B-cells inhibitor, epsilon	4794.0	6:44258166-44265788	1	Yes	6p21.1	yes		CLL, desmoplastic melanoma			L, E	Dom/Rec	TSG	F, Mis				CCDS34463.1,ENSG00000146232.16,IKBE,NM_004556.2,NP_004547,O00221
NKX2-1	NK2 homeobox 1	7080.0	14:36516392-36520228	1		14q13.3	yes		NSCLC			E	Dom	oncogene, TSG	A				BCH,CCDS41945.1,ENSG00000136352.17,NKX2A,NM_001079668.2,NP_001073136,P43699,TITF1,TTF-1,TTF1
NOTCH1	Notch homolog 1, translocation-associated (Drosophila) (TAN1)	4851.0	9:136494433-136545786	1	Yes	9q34.3	yes		T-ALL, breast, bladder, skin SCC, lung SCC, head and neck SCC			L, E	Dom/Rec	oncogene, TSG, fusion	T, Mis, O	TRB, SEC16A, GABBR2			CCDS43905.1,ENSG00000148400.10,NM_017617.4,NP_060087,P46531,TAN1
NOTCH2	Notch homolog 2	4853.0	1:119911553-120069626	1	Yes	1p12	yes		marginal zone lymphoma, DLBCL, bladder			L, E	Dom/Rec	oncogene, TSG	N, F, Mis		yes	Hajdu-Cheney syndrome, serpentine fibula-polycystic kidney syndrome	CCDS908.1,ENSG00000134250.19,NM_024408.3,NP_077719,NP_001186930.1,Q04721
NRG1	neuregulin 1	3084.0	8:32548635-32764407	1		8p12	yes		NSCLC			E	Dom	TSG, fusion	T	CD74			CCDS6083.1,ENSG00000157168.18,GGF,HGL,HRG,NDF,NM_013956.4,NP_039250,NRG1-IT2,Q02297
NTHL1	nth like DNA glycosylase 1	4913.0	16:2039815-2047866	2		16p13.3		yes		CRC	Familial adenomatous polyposis	E		TSG	N, S				CCDS10457.1,ENSG00000065057.7,NM_002528.6,NP_002519,NP_001305123.1,NTH1,OCTS3,P78549
NTRK1	neurotrophic tyrosine kinase, receptor, type 1	4914.0	1:156860894-156881642	1	Yes	1q23.1	yes		papillary thyroid, Spitzoid tumour			E	Dom	oncogene, TSG, fusion	T, A	TPM3, TPR, TFG, TP53, LMNA			CCDS1161.1,ENSG00000198400.11,MTC,NM_002529.3,NP_002520,P04629,TRK,TRKA
PABPC1	poly(A) binding protein cytoplasmic 1	26986.0	8:100702916-100722712	2		8q22.3	yes		HNSCC, biliary tract carcinoma			E		oncogene, TSG	Mis, F				CCDS6289.1,ENSG00000070756.15,NM_002568.3,NP_002559,P11940,PAB1,PABP1,PABPC2,PABPL1
PALB2	partner and localizer of BRCA2	79728.0	16:23603170-23641310	1		16p12.2		yes		Wilms tumour, medulloblastoma, AML ,breast	Fanconi anaemia N, breast cancer susceptibility	L, O, E	Rec	TSG	F, N, Mis				CCDS32406.1,ENSG00000083093.9,FANCN,FLJ21816,NM_024675.3,NP_078951,Q86YC2
PATZ1	zinc finger protein 278 (ZSG)	23598.0	22:31325804-31346232	1		22q12.2	yes		Ewing sarcoma			M	Dom	TSG, fusion	T	EWSR1			CCDS13894.1,ENSG00000100105.17,MAZR,NM_014323.2,NP_055138,PATZ,Q9HBE1,RIAZ,ZBTB19,ZNF278,ZSG,dJ400N23
PAX5	paired box gene 5 (B-cell lineage specific activator protein)	5079.0	9:36833275-37034185	1	Yes	9p13.2	yes		NHL, ALL, B-ALL			L	Dom	oncogene, TSG, fusion	T, Mis, D, F, S	IGH, ETV6, PML, FOXP1, ZNF521, ELN			BSAP,CCDS6607.1,ENSG00000196092.12,NM_016734.2,NP_057953,Q02548
PBRM1	polybromo 1	55193.0	3:52547841-52685836	1	Yes	3p21.1	yes		clear cell renal carcinoma, breast			E	Rec	TSG	Mis, N, F, S, D, O				BAF180,CCDS43099.1,ENSG00000163939.18,NM_018313.4,NP_060783,PB1,Q86U86
PER1	period homolog 1 (Drosophila)	5187.0	17:8140472-8152435	1	Yes	17p13.1	yes		AML, CMML			L	Dom	TSG, fusion	T	ETV6			CCDS11131.1,ENSG00000179094.15,NM_002616.2,NP_002607,O15534,PER,RIGUI
PHF6	PHD finger protein 6	84295.0	X:134373312-134428789	1	Yes	Xq26.2	yes		ETP ALL			L	Rec	TSG	F, N, S, Mis		yes	Boerjeson-Forssman-Lehmann syndrome	BFLS,BORJ,CCDS14639.1,CENP-31,ENSG00000156531.16,KIAA1823,MGC14797,NM_032458.2,NP_001015877,NP_115834,Q8IWS0
PHOX2B	paired-like homeobox 2b	8929.0	4:41744082-41748970	1	Yes	4p13	yes	yes	neuroblastoma	neuroblastoma	familial neuroblastoma	O	Rec	TSG	Mis, F		yes	Congenital central hypoventilation syndrome	CCDS3463.1,ENSG00000109132.6,NBPhox,NM_003924.3,NP_003915,PMX2B,Phox2b,Q99453
PIK3R1	phosphoinositide-3-kinase, regulatory subunit 1 (alpha)	5295.0	5:68215720-68301821	1	Yes	5q13.1	yes		glioblastoma, ovarian, colorectal			E, O	Rec	TSG	Mis, F, O				CCDS3993.1,ENSG00000145675.14,GRB1,NM_181523.2,NP_852664,P27986,p85,p85-ALPHA
PML	promyelocytic leukemia	5371.0	15:73994717-74046771	1		15q24.1	yes		APL, ALL			L	Dom	TSG, fusion	T	RARA, PAX5			CCDS10255.1,ENSG00000140464.19,MYL,NM_033238.2,NP_150241,P29590,RNF71,TRIM19
PMS2	PMS2 postmeiotic segregation increased 2 (S. cerevisiae)	5395.0	7:5973239-6009125	1	Yes	7p22.1		yes		colorectal, endometrial, ovarian, medulloblastoma, glioma	hereditary non-polyposis colorectal cancer, Turcot syndrome	E	Rec	TSG	Mis, N, F				CCDS5343.1,ENSG00000122512.15,HNPCC4,H_DJ0042M02.9,MLH4,NM_001322014.1,NP_000526,NP_001308943.1,NP_001308935.1,P54278,PMSL2
POLD1	DNA polymerase delta 1, catalytic subunit	5424.0	19:50384340-50418010	1	Yes	19q13.33	yes	yes	CRC	CRC	Lynch syndrome	E		TSG	Mis				CCDS82381.1,CDC2,ENSG00000062822.13,POLD
POLE	polymerase (DNA directed), epsilon, catalytic subunit	5426.0	12:132623762-132687359	1	Yes	12q24.33	yes	yes	colorectal carcinoma, endometrioid carcinoma, stomach carcinoma, skin cancer	colorectal cancer susceptibility		E	Rec	TSG	Mis		yes	FILS syndrome	CCDS9278.1,ENSG00000177084.16,NM_006231.3,NP_006222,POLE1,Q07864
POLG	DNA polymerase gamma, catalytic subunit	5428.0	15:89316305-89334847	2		15q26.1	yes		CRC			E		TSG	N, O		yes	mitochondrial DNA depletion syndrome	CCDS10350.1,ENSG00000140521.12,NM_002693.2,NP_001119603,NP_002684,P54098,POLG1,POLGA
POLQ	DNA polymerase theta	10721.0	3:121431431-121546006	1		3q13.33	yes	yes	oral SCC	breast cancer		E		oncogene, TSG	Mis				CCDS33833.1,ENSG00000051341.13,NM_199420.3,NP_955452,O75417,POLH
POT1	protection of telomeres 1	25913.0	7:124822386-124929981	1	Yes	7q31.33	yes		CLL			L	Dom	TSG	Mis, N				CCDS5793.1,DKFZp586D211,ENSG00000128513.14,NM_015450.2,NP_056265,Q9NUX5,hPot1
PPARG	peroxisome proliferative activated receptor, gamma	5468.0	3:12351472-12434356	1	Yes	3p25.2	yes		follicular thyroid			E	Dom	TSG, fusion	T	PAX8	yes	Insulin resistance ; lipodystrophy, familial partial L;diabetes mellitus, insulin-resistantI, with acanthosis nigricans and hypertension	CCDS2609.1,ENSG00000132170.20,NM_015869.4,NP_056953,NR1C3,P37231,PPARG1,PPARG2,PPARgamma
PPP2R1A	protein phosphatase 2, scaffolding subunit A, alpha	5518.0	19:52190039-52229533	1	Yes	19q13.41	yes		clear cell ovarian carcinoma			E	Dom	TSG	Mis				CCDS12849.1,ENSG00000105568.17,NM_014225.5,NP_055040,P30153,PP2A-Aalpha,PP2AA,PR65A
PPP6C	protein phosphatase 6, catalytic subunit	5537.0	9:125146574-125189939	1	Yes	9q33.3	yes		melanoma			E	Dom	TSG	Mis, N				CCDS48018.1,ENSG00000119414.11,NM_001123355.1,NP_001116827,O00743,PP6
PRDM1	PR domain containing 1, with ZNF domain	639.0	6:106086320-106109938	1	Yes	6q21	yes		DLBCL			L	Rec	TSG	D, N, Mis, F, S				BLIMP1,CCDS5054.2,ENSG00000057657.15,NM_001198.3,NP_001189,O75626,PRDI-BF1
PRDM2	PR/SET domain 2	7799.0	1:13704855-13825079	2		1p36.21	yes		glioma, colon adenocarcinoma, gastric carcinoma, ovarian carcinoma, HNSCC			E, O		TSG	O, F				CCDS150.1,ENSG00000116731.22,HUMHOXY1,KMT8,KMT8A,MTB-ZF,NM_012231.4,NP_036363,Q13029,RIZ,RIZ1,RIZ2
PRF1	perforin 1 (pore forming protein)	5551.0	10:70597349-70602775	1		10q22.1		yes		various leukaemia, lymphoma		L	Rec	TSG	Mis		yes	Type 2 familial haemophagocytic lymphohistiocytosis	CCDS7305.1,ENSG00000180644.7,HPLH2,NM_005041.4,NP_005032,NP_001076585,P1,P14222,PFP
PRKAR1A	protein kinase, cAMP-dependent, regulatory, type I, alpha (tissue specific extinguisher 1)	5573.0	17:68512379-68533423	1	Yes	17q24.2	yes	yes	papillary thyroid	myxoma, endocrine, papillary thyroid	Carney complex	E, M	Dom/Rec	oncogene, TSG, fusion	T, Mis, N, F, S	RET			CCDS11678.1,CNC1,ENSG00000108946.14,NM_212472.2,NP_997637,NP_002725,P10644,PRKAR1,TSE1
PTCH1	Homolog of Drosophila Patched gene	5727.0	9:95442980-95508661	1	Yes	9q22.32	yes	yes	skin basal cell, medulloblastoma	skin basal cell, medulloblastoma	nevoid basal cell carcinoma syndrome	E, M	Rec	TSG	Mis, N, F, S				BCNS,CCDS6714.1,ENSG00000185920.15,NBCCS,NM_000264.3,NP_000255,PTCH,Q13635
PTEN	phosphatase and tensin homolog gene	5728.0	10:87863113-87971930	1	Yes	10q23.31	yes	yes	glioma, prostate, endometrial	harmartoma, glioma, prostate, endometrial	Cowden syndrome, Bannayan-Riley-Ruvalcaba syndrome	L, E, M, O	Dom	TSG	D, Mis, N, F, S				BZS,CCDS31238.1,ENSG00000171862.10,MHAM,MMAC1,NM_001304717.2,NP_000305,NP_001291646.2,P60484,PTEN1,TEP1
PTK6	protein tyrosine kinase 6	5753.0	20:63528001-63537354	1	Yes	20q13.33	yes		renal, gastric, head and neck, ovarian, others			E	Dom	oncogene, TSG	Mis, N				BRK,CCDS13524.1,ENSG00000101213.6,NM_005975.3,NP_005966,Q13882
PTPN13	protein tyrosine phosphatase, non-receptor type 13	5783.0	4:86594315-86815171	1	Yes	4q21.3	yes	yes	lung, NSCLC, gastric, peritoneal carcinomatosis	hepatocellular	Familial Hepatocellular Carcinoma	E	Rec	TSG	Mis, N				CCDS47093.1,ENSG00000163629.12,NM_080685.2,NP_542416,PTP-BAS,PTP-BL,PTP1E,PTPL1,Q12923
PTPN6	protein tyrosine phosphatase, non-receptor type 6	5777.0	12:6951271-6961316	2		12p13.31	yes		DLBCL			L		TSG	Mis				CCDS44821.1,ENSG00000111679.16,HCP,HCPH,NM_080549.3,NP_536859,P29350,PTP-1C,SHP-1,SHP1
PTPRB	protein tyrosine phosphatase, receptor type, B	5787.0	12:70515866-70637440	1	Yes	12q15	yes		angiosarcoma			E	Rec	TSG	N, Mis, S, F				CCDS44943.1,ENSG00000127329.15,NM_001109754.2,NP_001103224,P23467,PTPB
PTPRC	protein tyrosine phosphatase, receptor type, C	5788.0	1:198639007-198757476	1		1q32.1	yes		T-ALL			L	Rec	TSG	Mis, N, S				CCDS1397.2,CD45,ENSG00000081237.19,GP180,LCA,NM_002838.4,NP_002829,P08575,T200
PTPRD	protein tyrosine phosphatase, receptor type D	5789.0	9:8314246-10033790	2		9p24.1	yes		lung cancer, kidney cancer, HNSCC, glioblastoma			E, O		TSG	D, N, Mis				CCDS43786.1,ENSG00000153707.16,HPTP,NM_002839.3,NP_002830,P23468,PTPD
PTPRK	protein tyrosine phosphatase, receptor type, K	5796.0	6:127968977-128520476	1		6q22.33	yes		colorectal			E	Dom	TSG, fusion	T	RSPO3			CCDS78179.1,ENSG00000152894.14,NM_001291981.1,NP_001278910,Q15262,R-PTP-kappa
PTPRT	protein tyrosine phosphatase, receptor type T	11122.0	20:42072752-43189969	1	Yes	20q13.11	yes		HNSCC, colorectal cancer, gastric cancer, lung cancer, melanoma			E		TSG	Mis, N				CCDS68127.1,ENSG00000196090.12,KIAA0283,NM_133170.3,NP_573400,RPTPrho
QKI	QKI, KH domain containing, RNA binding	9444.0	6:163414643-163578596	1	Yes	6q26	yes		angiocentric glioma, colorectal cancer			E, O	Dom	oncogene, TSG	Mis, F, T	MYB			CCDS5285.1,ENSG00000112531.16,NM_006775.2,NP_006766,Q96PU8,QK3
RAD17	RAD17 checkpoint clamp loader component	5884.0	5:69369806-69414801	2		5q13.2	yes		lymphoma, colon cancer			E, L		TSG	D				CCDS4003.1,CCYC,ENSG00000152942.18,O75943,RAD17Sp,Rad24
RAD21	RAD21 homolog (S. pombe)	5885.0	8:116845935-116874866	1	Yes	8q24.11	yes		AML, endometrium, colorectal, lung			L, E	Rec	oncogene, TSG	Mis, N, F		yes	Cornelia de Lange syndrome-4	CCDS6321.1,ENSG00000164754.14,KIAA0078,NM_006265.2,NP_006256,O60216,SCC1,hHR21
RAD51B	RAD51 paralog B	5890.0	14:67819779-68611565	1		14q24.1	yes		lipoma, uterine leiomyoma			M	Dom	TSG, fusion	T	HMGA2			CCDS81815.1,ENSG00000182185.18,NM_002877.5,NP_001308750,NP_001308744.1,NP_002868.1,NP_001308739.1,NP_001308747.1,NP_001308743.1,NP_001308738.1,NP_001308748.1,R51H2,RAD51L1,REC2,hREC2
RANBP2	RAN binding protein 2	5903.0	2:108719481-108785811	1	Yes	2q13	yes		inflammatory myofibroblastic tumour			M	Dom	TSG, fusion	T	ALK			ADANE,ANE1,CCDS2079.1,ENSG00000153201.15,NM_006267.4,NP_006258,NUP358,P49792
RB1	retinoblastoma gene	5925.0	13:48303726-48481890	1	Yes	13q14.2	yes	yes	retinoblastoma, sarcoma, breast, small cell lung carcinoma	retinoblastoma, sarcoma, breast, small cell lung carcinoma	familial retinoblastoma	L, E, M, O	Rec	TSG	D, Mis, N, F, S				CCDS31973.1,ENSG00000139687.14,NM_000321.2,NP_000312,OSRC,P06400,PPP1R130,RB
RBM10	RNA binding motif protein 10	8241.0	X:47145447-47186812	1	Yes	Xp11.3	yes		lung adenocarcinoma			E	Rec/X	TSG	Mis, F, N		yes	TARP syndrome	CCDS75969.1,DXS8237E,ENSG00000182872.15,GPATC9,GPATCH9,KIAA0122,NM_001204468.1,NP_001191397,P98175,S1-1,ZRANB5
RECQL4	RecQ protein-like 4	9401.0	8:144511291-144517826	1	Yes	8q24.3		yes		osteosarcoma, skin basal cell, skin sqamous cell	Rothmund-Thompson syndrome	M	Rec	oncogene, TSG	N, F, S				CCDS75804.1,ENSG00000160957.12,NM_004260.3,NP_004251,NP_004251.3,O94761,RecQ4
RFWD3	ring finger and WD repeat domain 3	55159.0	16:74621394-74666881	2		16q23.1	yes	yes	lung cancer		Fanconi anemia W	E		TSG	D				CCDS32486.1,ENSG00000168411.13,FANCW,FLJ10520,NM_018124.3,NP_060594,Q6PCD5,RNF201
RHOA	ras homolog family member A	387.0	3:49359145-49412202	1	Yes	3p21.31	yes		diffuse gastric, T cell lymphomas, paediatric Burkitt lymphoma			E, L	Dom	oncogene, TSG	Mis, F, O				ARH12,ARHA,CCDS2795.1,ENSG00000067560.10,NM_001664.3,NP_001300870,NP_001655,NP_001300874.1,NP_001300873.1,P61586,RHOH12,Rho12,RhoA
RHOH	ras homolog family member H	399.0	4:40196907-40246967	1	Yes	4p14	yes		NHL			L	Dom	TSG, fusion	T	BCL6			ARHH,CCDS3458.1,ENSG00000168421.12,Q15669,RhoH,TTF
RMI2	RecQ mediated genome instability 2	116028.0	16:11345431-11351762	1		16p13.13	yes		PMBL, Hodgkin lymphoma			L	Dom	TSG, fusion	T	CIITA			BLAP18,C16orf75,CCDS10548.1,ENSG00000175643.8,MGC24665,NM_152308.2,NP_689521,Q96E14
RNF43	ring finger protein 43	54894.0	17:58353676-58417533	1	Yes	17q22	yes		cholangiocarcinoma, ovary, pancreas			E	Rec	TSG	Mis, N, F, S				CCDS11607.1,DKFZp781H0392,ENSG00000108375.12,FLJ20315,NP_001292473.1,Q68DV7,URCC
ROBO2	roundabout guidance receptor 2	6092.0	3:75906695-77647510	2		3p12.3	yes		colorectal adenocarcinoma, melanoma			E		TSG	F				CCDS54609.1,ENSG00000185008.17,KIAA1568,NM_001128929.3,NP_001122401,Q9HCK4
RPL10	ribosomal protein L10	6134.0	X:154398230-154402339	1		Xq28	yes		T-ALL			L	Dom	TSG	Mis				CCDS14746.1,DXS648,DXS648E,ENSG00000147403.16,FLJ23544,L10,NM_006013.4,NOV,NP_001290554,NP_006004,P27635,QM
RPL22	ribosomal protein L22 (EAP)	6146.0	1:6185020-6199612	1		1p36.31	yes		AML, CML			L	Dom	TSG, fusion	T	RUNX1			CCDS58.1,EAP,ENSG00000116251.9,L22,NM_000983.3,NP_000974,P35268
RPL5	ribososomal protein L5	6125.0	1:92831983-92841924	1	Yes	1p22.1	yes		T-ALL			L	Dom	TSG	Mis, N, F		yes	Diamond-Blackfan anaemia	CCDS741.1,ENSG00000122406.13,L5,PPP1R135,uL18
RSPO2	R-spondin 2	340419.0	8:107899317-108083648	1		8q23.1	yes		colorectal			E	Dom	TSG, fusion	T	EIF3E			CCDS6307.1,ENSG00000147655.10,MGC35555,NM_178565.4,NP_848660,Q6UXX9
RUNX1	runt-related transcription factor 1  (AML1)	861.0	21:34787801-35049344	1		21q22.12	yes		AML, pre B-ALL, T-ALL			L	Dom	oncogene, TSG, fusion	T	RPL22, MECOM, CBFA2T3, RUNX1T1, ETV6, AFF3			AML1,AMLCR1,CBFA2,CCDS13639.1,ENSG00000159216.18,PEBP2A2,Q01196
RUNX1T1	runt-related transcription factor 1; translocated to, 1 (cyclin D-related)	862.0	8:91954967-92095654	1	Yes	8q21.3	yes		AML			L	Dom	oncogene, TSG, fusion	T	KMT2A, RUNX1			AML1T1,CBFA2T1,CCDS75766.1,CDR,ENSG00000079102.16,ETO,MTG8,NM_001198679.1,NP_001185608,ZMYND2
SBDS	Shwachman-Bodian-Diamond syndrome protein	51119.0	7:66987677-66995601	1		7q11.21		yes		AML, MDS	Schwachman-Diamond syndrome	L	Rec	TSG	F, N, O				CCDS5537.1,CGI-97,ENSG00000126524.9,FLJ10917,NM_016038.3,NP_057122.2,Q9Y3A5,SDS,SWDS
SDHA	succinate dehydrogenase complex, subunit A, flavoprotein (Fp)	6389.0	5:218241-256700	1	Yes	5p15.33	yes	yes	GIST, paraganglioma	paraganglioma	paragangliomas-5 (PGL5)	M, O	Rec	TSG	Mis, N				CCDS3853.1,ENSG00000073578.16,FP,NM_004168.3,NP_004159,P31040,SDH2,SDHF
SDHAF2	succinate dehydrogenase complex assembly factor 2	54949.0	11:61430073-61447529	1		11q12.2		yes		paraganglioma	familial paraganglioma	M	Rec	TSG	Mis				C11orf79,CCDS8007.1,ENSG00000167985.6,FLJ20487,NM_017841.2,NP_060311,PGL2,Q9NX18,SDH5
SDHB	succinate dehydrogenase complex, subunit B, iron sulfur (Ip)	6390.0	1:17018722-17054170	1		1p36.13		yes		paraganglioma, pheochromocytoma	familial paraganglioma	O	Rec	TSG	Mis, N, F				CCDS176.1,ENSG00000117118.9,NM_003000.2,NP_002991,P21912,SDH,SDH1
SDHC	succinate dehydrogenase complex, subunit C, integral membrane protein, 15kDa	6391.0	1:161314257-161375340	1		1q23.3		yes		paraganglioma, pheochromocytoma	familial paraganglioma	O	Rec	TSG	Mis, N, F				CCDS1230.1,CYB560,ENSG00000143252.14,NM_003001.3,NP_002992,PGL3,Q99643,cybL
SDHD	succinate dehydrogenase complex, subunit D, integral membrane protein	6392.0	11:112086773-112095794	1		11q23.1		yes		paraganglioma, pheochromocytoma	familial paraganglioma	O	Rec	TSG	Mis, N, F, S				CCDS31678.1,ENSG00000204370.10,NM_003002.3,NP_002993,O14521,PGL,PGL1,cybS
SETD1B	SET domain containing 1B	23067.0	12:121804180-121830239	2		12q24.31	yes		CRC, endometrium			E		TSG	D, F				ENSG00000139718.10,KIAA1076,KMT2G,NP_001340274.1,Q9UPS6,Set1B
SETD2	SET domain containing 2	29072.0	3:47016689-47163967	1	Yes	3p21.31	yes		clear cell renal carcinoma			E	Rec	TSG	N, F, S, Mis				CCDS2749.2,ENSG00000181555.20,FLJ23184,HIF-1,HYPB,KIAA1732,KMT3A,NM_014159.6,NP_054878,NP_001336299.1,Q9BYW2
SFPQ	splicing factor proline/glutamine rich(polypyrimidine tract binding protein associated)	6421.0	1:35182932-35193148	1	Yes	1p34.3	yes		papillary renal			E	Dom	TSG, fusion	T	TFE3			CCDS388.1,ENSG00000116560.10,NM_005066.2,NP_005057,P23246,PPP1R140,PSF
SFRP4	secreted frizzled related protein 4	6424.0	7:37905932-37916915	1		7p14.1	yes		colorectal cancer, melanoma, SCC, gastric cancer, oesophageal SCC			E	Rec	TSG	Mis		yes	Pyle disease	CCDS5453.1,ENSG00000106483.11,FRP-4,FRPHE,FRZB-2,NM_003014.3,NP_003005,Q6FHJ7,frpHE
SH2B3	SH2B adaptor protein 3	10019.0	12:111405948-111451623	1	Yes	12q24.12	yes		MPN, sAML, erythrocytosis, B-ALL			L	Rec	TSG	Mis, F, N		yes	Coeliac disease type 13; diabetes mellitus, insulin-dependent;	CCDS9153.1,ENSG00000111252.10,IDDM20,LNK,NM_005475.2,NP_005466,Q9UQQ2
SIRPA	signal regulatory protein alpha	140885.0	20:1894508-1940592	2		20p13	yes		HNSCC, colorectal cancer, Lung SCC			E		TSG	O, F				BIT,CCDS82593.1,CD172a,ENSG00000198053.11,MFR,MYD-1,P78324,P84,PTPNS1,SHPS-1,SHPS1,SIRP,SIRP-ALPHA-1,SIRPalpha,SIRPalpha2
SLC34A2	solute carrier family 34 (sodium phosphate), member 2	10568.0	4:25655844-25678748	1	Yes	4p15.2	yes		NSCLC			E	Dom	TSG, fusion	T	ROS1			CCDS3435.1,ENSG00000157765.12,NAPI-3B,NM_006424.2,NP_006415,NP_006415.2,O95436
SMAD2	SMAD family member 2	4087.0	18:47808957-47930559	1	Yes	18q21.1	yes		colorectal carcinoma, hepatocellular carcinoma			E	Rec	TSG	Mis, N				CCDS11934.1,ENSG00000175387.15,JV18-1,MADH2,MADR2,NM_005901.5,NP_005892,Q15796
SMAD3	SMAD family member 3	4088.0	15:67065845-67195195	1	Yes	15q22.33	yes		colorectal carcinoma, oral squamous cell carcinoma			E	Rec	TSG	Mis				CCDS10222.1,ENSG00000166949.15,HsT17436,JV15-2,MADH3,NM_005902.3,NP_005893,P84022
SMAD4	SMAD family member 4	4089.0	18:51030213-51085039	1	Yes	18q21.2	yes	yes	colorectal, pancreatic, small intestine	gastrointestinal polyp	juvenile polyposis	E	Rec	TSG	D, Mis, N, F				CCDS11950.1,DPC4,ENSG00000141646.13,MADH4,NM_005359.5,NP_005350,Q13485
SMARCA4	SWI/SNF related, matrix associated, actin dependent regulator of chromatin, subfamily a, member 4	6597.0	19:10960825-11062282	1	Yes	19p13.2	yes		NSCLC, SCCOHT			E	Rec	TSG	F, N, Mis, S				BAF190,BRG1,CCDS12253.1,ENSG00000127616.18,FLJ39786,NM_003072.3,NP_003063,P51532,SNF2,SNF2-BETA,SNF2L4,SNF2LB,SWI2,hSNF2b
SMARCB1	SWI/SNF related, matrix associated, actin dependent regulator of chromatin, subfamily b, member 1	6598.0	22:23786963-23834505	1	Yes	22q11.23	yes	yes	malignant rhabdoid	malignant rhabdoid	rhabdoid predisposition syndrome	M	Rec	TSG	D, N, F, S				BAF47,CCDS82699.1,ENSG00000099956.19,Ini1,NM_001317946.1,NP_001304875,PPP1R144,RDT,SNF5,SNF5L1,Sfh1p,Snr1,hSNFS
SMARCD1	SWI/SNF related, matrix associated, actin dependent regulator of chromatin, subfamily d, member 1	6602.0	12:50084972-50100712	2		12q13.12	yes		breast			E	Rec	TSG	N				BAF60A,CCDS8797.2,CRACD1,ENSG00000066117.14,NM_003076.4,NP_003067,Q96GM5,Rsc6p
SMARCE1	SWI/SNF related, matrix associated, actin dependent regulator of chromatin, subfamily e, member 1	6605.0	17:40624962-40648864	1		17q21.2		yes		meningioma		O	Rec	TSG	F, Mis, N				BAF57,CCDS11370.1,ENSG00000073584.19,NM_003079.4,NP_003070,Q969G3
SMC1A	structural maintenance of chromosomes 1A	8243.0	X:53374149-53422728	2		Xp11.22	yes		AML			L		TSG	Mis		yes	Cornelia de Lange syndrome	CCDS14352.1,DXS423E,ENSG00000072501.17,KIAA0178,NM_006306.3,NP_006297,Q14683,SB1.8,SMC1L1,Smcb
SOCS1	suppressor of cytokine signaling 1	8651.0	16:11254417-11256200	1	Yes	16p13.13	yes		Hodgkin lymphoma, PMBL			L	Rec	TSG	F, O				CCDS10546.1,Cish1,ENSG00000185338.5,JAB,SOCS-1,SSI-1,TIP3
SOX21	SRY-box 21	11166.0	13:94709622-94712399	2		13q32.1	yes		multiple myeloma			L		TSG	D				CCDS9473.1,ENSG00000125285.5,NM_007084.3,NP_009015,Q9Y651,SOX25
SPEN	spen family transcriptional repressor	23013.0	1:15847864-15940460	1	Yes	1p36.21	yes		SMZL, adenoid cystic carcinoma, DLBCL			L	Rec	TSG	F, Mis, N				CCDS164.1,ENSG00000065526.10,KIAA0929,MINT,NM_015001.2,NP_055816,Q96T58,RBM15C,SHARP
SPOP	speckle type POZ protein	8405.0	17:49598884-49678110	1	Yes	17q21.33	yes	yes	prostate, endometrial	prostate cancer		E	Rec	TSG	Mis				BTBD32,CCDS11551.1,ENSG00000121067.17,NM_003563.3,NP_003554,NP_001007227,O43791,TEF2
STAG1	stromal antigen 1	10274.0	3:136336233-136752368	2		3q22.3	yes		colorectal cancer, AML			E, L		TSG	Mis, N				CCDS3090.1,ENSG00000118007.12,NM_005862.2,NP_005853,Q8WVM7,SA-1,SA1,SCC3A
STAG2	stromal antigen 2	10735.0	X:123960519-124101498	1	Yes	Xq25	yes		bladder carcinoma, glioblastoma, melanoma, Ewing's sarcoma, myeloid neoplasms			E, L, M, O	Rec	TSG	Mis, N, F, S				CCDS43990.1,ENSG00000101972.18,NM_001042749.2,NP_001036214,Q8N3U4,SA-2,SA2,SCC3B
STAT5B	signal transducer and activator of transcription 5B	6777.0	17:42199168-42276406	1	Yes	17q21.2	yes		large granular lymphocytic leukaemia, skin basal cell, APL			L, E	Dom	oncogene, TSG, fusion	Mis, O, T	RARA	yes	IPEX-like syndrome	CCDS11423.1,ENSG00000173757.9,NM_012448.3,NP_036580,P51692
STK11	serine/threonine kinase 11 gene (LKB1)	6794.0	19:1206464-1228435	1	Yes	19p13.3	yes	yes	NSCLC, pancreatic	jejunal hamartoma, ovarian, testicular, pancreatic	Peutz-Jeghers syndrome	E, M, O	Rec	TSG	D, Mis, N, F, S				CCDS45896.1,ENSG00000118046.14,LKB1,NM_000455.4,NP_000446,PJS,Q15831
SUFU	suppressor of fused homolog (Drosophila)	51684.0	10:102503987-102633535	1	Yes	10q24.32	yes	yes	medulloblastoma	medulloblastoma	medulloblastoma predisposition	O	Rec	TSG	D, F, S				CCDS7537.1,ENSG00000107882.11,NM_016169.3,NP_057253,PRO1280,Q9UMX1,SUFUH,SUFUXL
SUZ12	suppressor of zeste 12 homolog (Drosophila)	23512.0	17:31937018-32001045	1	Yes	17q11.2	yes		endometrial stromal tumour			M	Dom	oncogene, TSG, fusion	T	JAZF1			CCDS11270.1,CHET9,ENSG00000178691.10,JJAZ1,KIAA0160,NM_015355.3,NP_056170,Q15022
TBL1XR1	transducin (beta)-like 1 X-linked receptor 1	79718.0	3:177019355-177196478	1	Yes	3q26.32	yes		splenic marginal zone lymphoma, primary central nervous system lymphoma, colorectal carcinoma, gallbladder carcinoma			L, E, M	Rec	oncogene, TSG, fusion	F, Mis				C21,CCDS46961.1,DC42,ENSG00000177565.16,FLJ12894,IRA1,NM_001321195.1,NP_001308122,NP_001308124.1,Q9BZK7,TBLR1
TBX3	T-box 3	6926.0	12:114670255-114683590	1	Yes	12q24.21	yes		breast, large intestine, skin			E	Dom	oncogene, TSG	Mis, N, F, O		yes	ulnar-mammary syndrome	CCDS9176.1,ENSG00000135111.15,NM_016569.3,NP_057653,O15119,TBX3-ISO,UMS,XHL
TCF3	transcription factor 3 (E2A immunoglobulin enhancer binding factors E12/E47)	6929.0	19:1609290-1652329	1		19p13.3	yes		pre B-ALL			L	Dom	oncogene, TSG, fusion	T	PBX1, HLF, TFPT			CCDS12074.1,E2A,E47,ENSG00000071564.14,ITF1,MGC129647,MGC129648,NM_003200.3,NP_003191,NP_001338708.1,P15923,VDIR,bHLHb21,p75
TENT5C	Terminal nucleotidyltransferase 5C	54855.0	1:117605934-117628372	1		1p12	yes		MM			L	Rec	TSG	Mis, F, O				CCDS896.1,ENSG00000183508.4,FAM46C,FLJ20202,NM_017709.3,NP_060179,Q5VWP2
TERT	telomerase reverse transcriptase	7015.0	5:1253167-1295047	1	Yes	5p15.33	yes	yes	melanoma, glioblastoma, hepatocellular carcinoma, bladder, skin basal cell, skin squamous cell, mesothelioma, medulloblastoma, other tumour types	melanoma		E, O	Dom	oncogene, TSG	Promoter Mis		yes	Dyskeratosis congenita, Telomere-related pulmonary fibrosis and/or bone marrow failure  1	CCDS3861.2,ENSG00000164362.18,EST2,NM_198253.2,NP_937983,O14746,TCS1,TP2,TRT,hEST2
TET1	tet methylcytosine dioxygenase 1	80312.0	10:68560656-68694482	1	Yes	10q21.3	yes		AML			L	Dom	oncogene, TSG, fusion	T	KMT2A			CCDS7281.1,CXXC6,ENSG00000138336.8,KIAA1676,LCX,NM_030625.2,NP_085128,Q8NFU7,bA119F7.1
TET2	tet oncogene family member 2	54790.0	4:105146293-105279816	1	Yes	4q24	yes		MDS			L	Rec	TSG	Mis, N, F				CCDS47120.1,ENSG00000168769.13,FLJ20032,KIAA1546,Q6N021
TGFBR2	transforming growth factor beta receptor II	7048.0	3:30606601-30694142	1	Yes	3p24.1	yes	yes	head and neck, colorectal	colorectal	Hereditary Nonpolyposis Colorectal Cancer type 6	E	Rec	TSG	Mis, F, N		yes	Loeys-Dietz syndrome 2	CCDS33727.1,ENSG00000163513.17,MFS2,NM_001024847.2,NP_001020018,P37173,TBR-ii,TBRII
TMEM127	transmembrane protein 127	55654.0	2:96248516-96265994	1		2q11.2		yes		pheochromocytoma, renal cell carcinoma		O, E	Rec	TSG	F, N				CCDS2018.1,ENSG00000135956.8,FLJ20507,FLJ22257,NM_017849.3,NP_001180233,NP_060319,O75204
TNFAIP3	tumor necrosis factor, alpha-induced protein 3	7128.0	6:137867188-137883311	1	Yes	6q23.3	yes		marginal zone B-cell lymphomas, Hodgkin lymphoma, PMBL			L	Rec	TSG	D, N, F				A20,CCDS5187.1,ENSG00000118503.14,NM_006290.3,NP_006281,NP_001257437,NP_001257436,OTUD7C,P21580
TNFRSF14	tumor necrosis factor receptor superfamily, member 14 (herpesvirus entry mediator)	8764.0	1:2556366-2563829	1	Yes	1p36.32	yes		follicular lymphoma			L	Rec	TSG	Mis, N, F				ATAR,CCDS44046.1,CD270,ENSG00000157873.17,HVEA,HVEM,LIGHTR,NM_003820.3,NP_003811,Q92956,TR2
TP53	tumor protein p53	7157.0	17:7668402-7687538	1	Yes	17p13.1	yes	yes	breast, colorectal, lung, sarcoma, adrenocortical, glioma, Spitzoid tumour, multiple other tumour types	breast, sarcoma, adrenocortical carcinoma, glioma, multiple other tumour types	Li-Fraumeni syndrome	L, E, M, O	Rec	oncogene, TSG, fusion	Mis, N, F, T	NTRK1			CCDS11118.1,ENSG00000141510.16,LFS1,NM_001276761.1,NP_001119584,NP_000537,NP_001263689.1,NP_001263690.1,P04637,p53
TP63	tumor protein p63	8626.0	3:189631427-189897279	1	Yes	3q28	yes	yes	HNSCC, DLBCL	NSCLC		E		oncogene, TSG	Mis, N, T	TBL1XR1	yes	associated with Hay-Wells syndrome, ADULT syndrome, ectrodactyly, ectodermal dysplasia, and cleft lip/palate syndrome (EEC), acro-dermato-ungual-lacrimal-tooth syndrome, limb mammary syndrome, Rapp-Hodgkin syndrome, split hand-split foot malformation	CCDS3293.1,EEC3,ENSG00000073282.12,KET,NBP,NM_003722.4,NP_003713,NP_001316893.1,NP_001316077.1,OFC8,Q9H3D4,SHFM4,TP53CP,TP53L,TP73L,p51,p53CP,p63,p73H,p73L
TPM3	tropomyosin 3	7170.0	1:154167465-154192211	1		1q21.3	yes		papillary thyroid, ALCL, NSCLC, Spitzoid tumour			E, L	Dom	TSG, fusion	T	NTRK1, ALK, ROS1			CCDS41403.1,ENSG00000143549.19,NEM1,NM_152263.3,NP_689476,P06753,TRK
TRAF7	tumour necrosis factor receptor-associated factor 7	84231.0	16:2155765-2178129	1	Yes	16p13.3	yes		meningioma			O	Dom	TSG	Mis				CCDS10461.1,DKFZp586I021,ENSG00000131653.12,MGC7807,NM_032271.2,NP_115647,Q6Q0C0,RFWD1,RNF119
TRIM24	tripartite motif containing 24	8805.0	7:138460334-138589993	1		7q34	yes		APL			L	Dom	oncogene, TSG, fusion	T	RARA			CCDS5847.1,ENSG00000122779.17,NM_015905.2,NP_056989,O15164,RNF82,TIF1,TIF1A,Tif1a,hTIF1
TRIM33	tripartite motif-containing 33 (PTC7,TIF1G)	51592.0	1:114392777-114511160	1		1p13.2	yes		papillary thyroid			E	Dom	TSG, fusion	T	RET			CCDS872.1,ENSG00000197323.11,FLJ11429,KIAA1113,NM_015906.3,NP_056990,PTC7,Q9UPN9,RFG7,TF1G,TIF1G,TIF1GAMMA,TIFGAMMA
TSC1	tuberous sclerosis 1 gene	7248.0	9:132891348-132944633	1		9q34.13	yes	yes	renal cell carcinoma, bladder carcinoma	hamartoma, renal cell carcinoma, tuberous sclerosis tuber	Tuberous sclerosis 1	E, O	Rec	TSG	D, Mis, N, F, S				CCDS6956.1,ENSG00000165699.14,KIAA0243,LAM,NM_000368.4,NP_000359,Q92574,TSC,hamartin
TSC2	tuberous sclerosis 2 gene	7249.0	16:2047465-2088720	1		16p13.3	yes	yes	pulmonary lymphangioleiomyomatosis (LAM), renal angiomyolipoma, HNSCC	hamartoma, renal cell carcinoma, tuberous sclerosis tuber	Tuberous sclerosis 2	E, O	Rec	TSG	D, Mis, N, F, S				CCDS10458.1,ENSG00000103197.17,LAM,NM_000548.4,NP_000539,P49815,PPP1R160,TSC4,tuberin
USP44	ubiquitin specific peptidase 44	84101.0	12:95516560-95551490	2		12q22	yes		lung cancer, colon cancer			E		TSG	D				CCDS9053.1,ENSG00000136014.11,FLJ14528,NM_032147.4,NP_115523,NP_001334866.1,NP_001334865.1,Q9H0E7
VHL	von Hippel-Lindau syndrome gene	7428.0	3:10141008-10152220	1	Yes	3p25.3	yes	yes	renal, haemangioma, pheochromocytoma	renal, haemangioma, pheochromocytoma	Von Hippel-Lindau syndrome	E, M, O	Rec	TSG	D, Mis, N, F, S				CCDS2597.1,ENSG00000134086.7,NM_000551.3,NP_000542,P40337,VHL1
WIF1	WNT inhibitory factor 1	11197.0	12:65050626-65121566	1	Yes	12q14.3	yes		pleomorphic salivary gland adenoma			E	Dom	TSG, fusion	T	HMGA2			CCDS8971.1,ENSG00000156076.9,NM_007191.4,NP_009122,Q9Y5W5
WNK2	WNK lysine deficient protein kinase 2	65268.0	9:93184930-93318271	2		9q22.31	yes		gastric cancer			E		TSG	Mis				CCDS75858.1,ENSG00000165238.16,KIAA1760,NM_001282394.1,NP_001269323,NY-CO-43,PRKWNK2,Q9Y3S1,SDCCAG43
WRN	Werner syndrome (RECQL2)	7486.0	8:31033801-31173769	1		8p12		yes		osteosarcoma, meningioma, other tumour types	Werner syndrome	L, E, M, O	Rec	TSG	Mis, N, F, S				CCDS6082.1,ENSG00000165392.9,NM_000553.4,NP_000544,Q14191,RECQ3,RECQL2
WT1	Wilms tumour 1 gene	7490.0	11:32387775-32435630	1		11p13	yes	yes	Wilms tumour, desmoplastic small round cell tumour	Wilms tumour	Denys-Drash syndrome, Frasier syndrome, familial Wilms tumour	O	Rec	oncogene, TSG, fusion	D, Mis, N, F, S, T	EWSR1			AWT1,CCDS7878.2,ENSG00000184937.13,GUD,NM_024426.4,NPHS4,NP_077744,NP_077744.4,WAGR,WIT-2
XPA	xeroderma pigmentosum, complementation group A	7507.0	9:97674909-97697357	1		9q22.33		yes		skin basal cell, skin squamous cell, melanoma	xeroderma pigmentosum (A)	E	Rec	TSG	Mis, N, F, S				CCDS6729.1,ENSG00000136936.10,NM_000380.3,NP_000371,P23025,XP1,XPAC
XPC	xeroderma pigmentosum, complementation group C	7508.0	3:14145147-14178783	1		3p25.1		yes		skin basal cell, skin squamous cell, melanoma	xeroderma pigmentosum (C)	E	Rec	TSG	Mis, N, F, S				CCDS46763.1,ENSG00000154767.14,NM_004628.4,NP_004619,NP_001341658.1,Q01831,RAD4,XPCC
YWHAE	tyrosine 3-monooxygenase/tryptophan 5-monooxygenase activation protein, epsilon polypeptide (14-3-3 epsilon)	7531.0	17:1344272-1400378	1		17p13.3	yes		endometrial stromal sarcoma			M	Dom	TSG, fusion	T	NUTM2A, NUTM2B	yes	Miller-Dieker lissencephaly syndrome	CCDS11001.1,ENSG00000108953.16,FLJ45465,NM_006761.4,NP_006752,P62258
ZBTB16	zinc finger and BTB domain containing 16	7704.0	11:114059593-114250676	1	Yes	11q23.2	yes		APL			L	Dom	TSG, fusion	T	RARA			CCDS8367.1,ENSG00000109906.13,NM_006006.4,NP_005997,NP_001341679.1,NP_001341680.1,PLZF,Q05516,ZNF145
ZFHX3	zinc finger homeobox 3	463.0	16:72782885-73891871	1	Yes	16q22.3	yes		endometrial, gastric, prostate			E	Dom	TSG	Mis, N				ATBF1,CCDS10908.1,ENSG00000140836.16,Q15911,ZNF927
ZMYM3	zinc finger MYM-type containing 3	9203.0	X:71239624-71254140	2		Xq13.1	yes		CRC, breast cancer			E		TSG	F				CCDS14409.1,DXS6673E,ENSG00000147130.14,KIAA0385,MYM,NM_201599.2,NP_963893,NP_005087,Q14202,ZNF198L2,ZNF261
ZNF331	zinc finger protein 331	55422.0	19:53521024-53580269	1		19q13.42	yes		follicular thyroid adenoma			E	Dom	TSG, fusion	T	?			CCDS33102.1,ENSG00000130844.16,NM_018555.5,NP_061025,NP_001304049,Q9NQX6,RITA,ZNF361,ZNF463
ZNRF3	zinc and ring finger 3	84133.0	22:28883592-29057487	2		22q12.1	yes		colorectal cancer, adrenocortical carcinoma, gastric cancer			E		TSG	N, F, Mis				BK747E2.3,CCDS56225.1,ENSG00000183579.15,FLJ22057,KIAA1133,NM_001206998.1,NP_001193927,Q9ULT6,RNF203
ZRSR2	zinc finger (CCCH type), RNA-binding motif and serine/arginine rich 2	8233.0	X:15790472-15823260	1	Yes	Xp22.2	yes		MDS, CLL			L	Rec	TSG	F, S, Mis				CCDS14172.1,ENSG00000169249.12,NM_005089.3,NP_005080,Q15696,U2AF1-RS2,U2AF1L2,URP,ZC3H22
