Hugo Symbol	Entrez Gene ID	GRCh37 Isoform	GRCh37 RefSeq	GRCh38 Isoform	GRCh38 RefSeq	Is Oncogene	Is Tumor Suppressor Gene	# of occurrence within resources (Column J-P)	OncoKB Annotated	MSK-IMPACT	MSK-HEME	FOUNDATION ONE	FOUNDATION ONE HEME	Vogelstein	COSMIC CGC (v99)	Gene Aliases
ABL1	25	ENST00000318560	NM_005157.4	ENST00000318560	NM_005157.4	Yes	No	7	Yes	Yes	Yes	Yes	Yes	Yes	Yes	ABL, JTK7, c-ABL
AKT1	207	ENST00000349310	NM_001014431.1	ENST00000349310	NM_001014431.1	Yes	No	7	Yes	Yes	Yes	Yes	Yes	Yes	Yes	AKT, PKB, PRKBA, RAC, RAC-alpha
ALK	238	ENST00000389048	NM_004304.4	ENST00000389048	NM_004304.4	Yes	No	7	Yes	Yes	Yes	Yes	Yes	Yes	Yes	CD246
AR	367	ENST00000374690	NM_000044.3	ENST00000374690	NM_000044.3	Yes	No	7	Yes	Yes	Yes	Yes	Yes	Yes	Yes	AIS, DHTR, HUMARA, NR3C4, SBMA, SMAX1
BCL2	596	ENST00000333681	NM_000633.2	ENST00000333681	NM_000633.2	Yes	No	7	Yes	Yes	Yes	Yes	Yes	Yes	Yes	Bcl-2, PPP1R50
BRAF	673	ENST00000288602	NM_004333.4	ENST00000646891	NM_004333.4	Yes	No	7	Yes	Yes	Yes	Yes	Yes	Yes	Yes	BRAF1
CARD11	84433	ENST00000396946	NM_032415.4	ENST00000396946	NM_032415.4	Yes	No	7	Yes	Yes	Yes	Yes	Yes	Yes	Yes	BIMP3, CARMA1
CTNNB1	1499	ENST00000349496	NM_001904.3	ENST00000349496	NM_001904.3	Yes	No	7	Yes	Yes	Yes	Yes	Yes	Yes	Yes	CTNNB, armadillo, beta-catenin
EGFR	1956	ENST00000275493	NM_005228.3	ENST00000275493	NM_005228.3	Yes	No	7	Yes	Yes	Yes	Yes	Yes	Yes	Yes	ERBB, ERBB1, ERRP
ERBB2	2064	ENST00000269571	NM_004448.2	ENST00000269571	NM_004448.2	Yes	No	7	Yes	Yes	Yes	Yes	Yes	Yes	Yes	CD340, HER-2, HER2, NGL
EZH2	2146	ENST00000320356	NM_004456.4	ENST00000320356	NM_004456.4	Yes	Yes	7	Yes	Yes	Yes	Yes	Yes	Yes	Yes	ENX-1, KMT6, KMT6A
FGFR2	2263	ENST00000358487	NM_000141.4	ENST00000358487	NM_000141.4	Yes	No	7	Yes	Yes	Yes	Yes	Yes	Yes	Yes	BEK, CD332, CEK3, CFD1, ECT1, JWS, K-SAM, KGFR, TK14, TK25
FGFR3	2261	ENST00000260795	NM_000142.4	ENST00000440486	NM_000142.4	Yes	No	7	Yes	Yes	Yes	Yes	Yes	Yes	Yes	ACH, CD333, CEK2, JTK4
FLT3	2322	ENST00000241453	NM_004119.2	ENST00000241453	NM_004119.2	Yes	No	7	Yes	Yes	Yes	Yes	Yes	Yes	Yes	CD135, FLK2, STK1
FOXL2	668	ENST00000330315	NM_023067.3	ENST00000648323	NM_023067.3	Yes	Yes	7	Yes	Yes	Yes	Yes	Yes	Yes	Yes	BPES, BPES1
GATA3	2625	ENST00000346208	NM_002051.2	ENST00000346208	NM_002051.2	Yes	Yes	7	Yes	Yes	Yes	Yes	Yes	Yes	Yes	HDR
GNA11	2767	ENST00000078429	NM_002067.2	ENST00000078429	NM_002067.2	Yes	No	7	Yes	Yes	Yes	Yes	Yes	Yes	Yes	FBH, FBH2, FHH2, HHC2
GNAQ	2776	ENST00000286548	NM_002072.3	ENST00000286548	NM_002072.3	Yes	No	7	Yes	Yes	Yes	Yes	Yes	Yes	Yes	G-ALPHA-q, GAQ
GNAS	2778	ENST00000371085	NM_000516.4	ENST00000371085	NM_000516.4	Yes	No	7	Yes	Yes	Yes	Yes	Yes	Yes	Yes	GNAS1, GNASXL, GPSA, NESP, NESP55, SCG6, SgVI
HRAS	3265	ENST00000451590	NM_005343.2	ENST00000451590	NM_005343.2	Yes	No	7	Yes	Yes	Yes	Yes	Yes	Yes	Yes	HRAS1
IDH1	3417	ENST00000345146	NM_005896.2	ENST00000345146	NM_005896.2	Yes	No	7	Yes	Yes	Yes	Yes	Yes	Yes	Yes	
IDH2	3418	ENST00000330062	NM_002168.2	ENST00000330062	NM_002168.2	Yes	No	7	Yes	Yes	Yes	Yes	Yes	Yes	Yes	
JAK1	3716	ENST00000342505	NM_002227.2	ENST00000342505	NM_002227.2	Yes	Yes	7	Yes	Yes	Yes	Yes	Yes	Yes	Yes	JAK1A, JAK1B, JTK3
JAK2	3717	ENST00000381652	NM_004972.3	ENST00000381652	NM_004972.3	Yes	No	7	Yes	Yes	Yes	Yes	Yes	Yes	Yes	JTK10
JAK3	3718	ENST00000458235	NM_000215.3	ENST00000458235	NM_000215.3	Yes	No	7	Yes	Yes	Yes	Yes	Yes	Yes	Yes	JAK-3, JAK3_HUMAN, JAKL, L-JAK, LJAK
KIT	3815	ENST00000288135	NM_000222.2	ENST00000288135	NM_000222.2	Yes	No	7	Yes	Yes	Yes	Yes	Yes	Yes	Yes	C-Kit, CD117, PBT, SCFR
KRAS	3845	ENST00000311936	NM_004985.3	ENST00000311936	NM_004985.3	Yes	No	7	Yes	Yes	Yes	Yes	Yes	Yes	Yes	K-Ras4B, KRAS1, KRAS2
MAP2K1	5604	ENST00000307102	NM_002755.3	ENST00000307102	NM_002755.3	Yes	No	7	Yes	Yes	Yes	Yes	Yes	Yes	Yes	MAPKK1, MEK1, PRKMK1
MED12	9968	ENST00000374080	NM_005120.2	ENST00000374080	NM_005120.2	Yes	Yes	7	Yes	Yes	Yes	Yes	Yes	Yes	Yes	ARC240, CAGH45, FGS1, HOPA, KIAA0192, Kto, OKS, TNRC11, TRAP230
MET	4233	ENST00000397752	NM_000245.2	ENST00000397752	NM_000245.2	Yes	No	7	Yes	Yes	Yes	Yes	Yes	Yes	Yes	DFNB97, HGFR, RCCP2
MPL	4352	ENST00000372470	NM_005373.2	ENST00000372470	NM_005373.2	Yes	No	7	Yes	Yes	Yes	Yes	Yes	Yes	Yes	CD110, THPOR, TPOR
MYD88	4615	ENST00000396334	NM_002468.4	ENST00000396334	NM_002468.4	Yes	No	7	Yes	Yes	Yes	Yes	Yes	Yes	Yes	
NFE2L2	4780	ENST00000397062	NM_006164.4	ENST00000397062	NM_006164.4	Yes	No	7	Yes	Yes	Yes	Yes	Yes	Yes	Yes	
NOTCH1	4851	ENST00000277541	NM_017617.3	ENST00000651671	NM_017617.3	Yes	Yes	7	Yes	Yes	Yes	Yes	Yes	Yes	Yes	TAN1
NOTCH2	4853	ENST00000256646	NM_024408.3	ENST00000256646	NM_024408.3	Yes	Yes	7	Yes	Yes	Yes	Yes	Yes	Yes	Yes	
NRAS	4893	ENST00000369535	NM_002524.4	ENST00000369535	NM_002524.4	Yes	No	7	Yes	Yes	Yes	Yes	Yes	Yes	Yes	N-ras
PAX5	5079	ENST00000358127	NM_016734.2	ENST00000358127	NM_016734.2	Yes	Yes	7	Yes	Yes	Yes	Yes	Yes	Yes	Yes	BSAP
PDGFRA	5156	ENST00000257290	NM_006206.4	ENST00000257290	NM_006206.4	Yes	No	7	Yes	Yes	Yes	Yes	Yes	Yes	Yes	CD140a, GAS9, PDGFR2
PIK3CA	5290	ENST00000263967	NM_006218.2	ENST00000263967	NM_006218.2	Yes	No	7	Yes	Yes	Yes	Yes	Yes	Yes	Yes	PI3K
PTPN11	5781	ENST00000351677	NM_002834.3	ENST00000351677	NM_002834.3	Yes	No	7	Yes	Yes	Yes	Yes	Yes	Yes	Yes	BPTP3, NS1, PTP2C, SH-PTP2, SHP-2, SHP2
RET	5979	ENST00000355710	NM_020975.4	ENST00000355710	NM_020975.4	Yes	No	7	Yes	Yes	Yes	Yes	Yes	Yes	Yes	CDHF12, CDHR16, HSCR1, MEN2A, MEN2B, MTC1, RET51
SF3B1	23451	ENST00000335508	NM_012433.2	ENST00000335508	NM_012433.2	Yes	No	7	Yes	Yes	Yes	Yes	Yes	Yes	Yes	Hsh155, PRPF10, Prp10, SAP155, SF3b155
SMO	6608	ENST00000249373	NM_005631.4	ENST00000249373	NM_005631.4	Yes	No	7	Yes	Yes	Yes	Yes	Yes	Yes	Yes	FZD11, SMOH
U2AF1	7307	ENST00000291552	NM_006758.2	ENST00000291552	NM_006758.2	Yes	No	7	Yes	Yes	Yes	Yes	Yes	Yes	Yes	RNU2AF1, U2AF35, U2AFBP
WT1	7490	ENST00000332351	NM_024426.4	ENST00000452863	NM_024426.4	Yes	Yes	7	Yes	Yes	Yes	Yes	Yes	Yes	Yes	AWT1, GUD, NPHS4, WAGR, WIT-2
AKT2	208	ENST00000392038	NM_001626.4	ENST00000392038	NM_001626.4	Yes	No	6	Yes	Yes	Yes	Yes	Yes	No	Yes	PKB?
BCL6	604	ENST00000232014	NM_001706.4	ENST00000232014	NM_001706.4	Yes	No	6	Yes	Yes	Yes	Yes	Yes	No	Yes	BCL5, BCL6A, LAZ3, ZBTB27, ZNF51
BRD4	23476	ENST00000263377	NM_058243.2	ENST00000263377	NM_058243.2	Yes	No	6	Yes	Yes	Yes	Yes	Yes	No	Yes	HUNK1, HUNKI, MCAP
BTK	695	ENST00000308731	NM_000061.2	ENST00000308731	NM_000061.2	Yes	No	6	Yes	Yes	Yes	Yes	Yes	No	Yes	AGMX1, ATK, IMD1, PSCTK1, XLA
CALR	811	ENST00000316448	NM_004343.3	ENST00000316448	NM_004343.3	Yes	No	6	Yes	Yes	Yes	Yes	Yes	No	Yes	CRT, FLJ26680, RO, SSA, cC1qR
CCND1	595	ENST00000227507	NM_053056.2	ENST00000227507	NM_053056.2	Yes	No	6	Yes	Yes	Yes	Yes	Yes	No	Yes	BCL1, D11S287E, PRAD1, U21B31
CCND2	894	ENST00000261254	NM_001759.3	ENST00000261254	NM_001759.3	Yes	No	6	Yes	Yes	Yes	Yes	Yes	No	Yes	
CCND3	896	ENST00000372991	NM_001760.3	ENST00000372991	NM_001760.3	Yes	No	6	Yes	Yes	Yes	Yes	Yes	No	Yes	
CCNE1	898	ENST00000262643	NM_001238.2	ENST00000262643	NM_001238.2	Yes	No	6	Yes	Yes	Yes	Yes	Yes	No	Yes	CCNE
CD274	29126	ENST00000381577	NM_014143.3	ENST00000381577	NM_014143.3	Yes	No	6	Yes	Yes	Yes	Yes	Yes	No	Yes	B7-H, B7-H1, B7H1, PD-L1, PDCD1LG1, PDL1
CD79A	973	ENST00000221972	NM_001783.3	ENST00000221972	NM_001783.3	Yes	No	6	Yes	Yes	Yes	Yes	Yes	No	Yes	IGA, MB-1
CD79B	974	ENST00000392795	NM_001039933.1	ENST00000392795	NM_001039933.1	Yes	No	6	Yes	Yes	Yes	Yes	Yes	No	Yes	B29, IGB
CDK4	1019	ENST00000257904	NM_000075.3	ENST00000257904	NM_000075.3	Yes	No	6	Yes	Yes	Yes	Yes	Yes	No	Yes	PSK-J3
CDK6	1021	ENST00000265734	NM_001145306.1	ENST00000265734	NM_001145306.1	Yes	No	6	Yes	Yes	Yes	Yes	Yes	No	Yes	PLSTIRE
CRLF2	64109	ENST00000381566	NM_022148.2	ENST00000381566	NM_022148.2	Yes	No	6	Yes	Yes	Yes	No	Yes	Yes	Yes	CRL2, TSLPR
CSF3R	1441	ENST00000361632	NM_000760.3	ENST00000361632	NM_000760.3	Yes	No	6	Yes	Yes	Yes	Yes	Yes	No	Yes	CD114, GCSFR
CXCR4	7852	ENST00000241393	NM_003467.2	ENST00000241393	NM_003467.2	Yes	No	6	Yes	Yes	Yes	Yes	Yes	No	Yes	CD184, D2S201E, HM89, HSY3RR, LESTR, NPY3R, NPYY3R, fusin
DDR2	4921	ENST00000367921	NM_006182.2	ENST00000367921	NM_006182.2	Yes	No	6	Yes	Yes	Yes	Yes	Yes	No	Yes	NTRKR3, TYRO10
ERBB3	2065	ENST00000267101	NM_001982.3	ENST00000267101	NM_001982.3	Yes	No	6	Yes	Yes	Yes	Yes	Yes	No	Yes	HER3, LCCS2
ERBB4	2066	ENST00000342788	NM_005235.2	ENST00000342788	NM_005235.2	Yes	No	6	Yes	Yes	Yes	Yes	Yes	No	Yes	ALS19, HER4
ERG	2078	ENST00000288319	NM_182918.3	ENST00000288319	NM_182918.3	Yes	No	6	Yes	Yes	Yes	Yes	Yes	No	Yes	erg-3
ESR1	2099	ENST00000206249	NM_001122740.1	ENST00000206249	NM_001122740.1	Yes	No	6	Yes	Yes	Yes	Yes	Yes	No	Yes	ER-alpha, ESR, Era, NR3A1
FGFR1	2260	ENST00000425967	NM_001174067.1	ENST00000425967	NM_001174067.1	Yes	No	6	Yes	Yes	Yes	Yes	Yes	No	Yes	BFGFR, CD331, CEK, FLT2, H5, KAL2, N-SAM
FGFR4	2264	ENST00000292408	NM_213647.1	ENST00000292408	NM_213647.1	Yes	No	6	Yes	Yes	Yes	Yes	Yes	No	Yes	CD334, JTK2
GATA2	2624	ENST00000341105	NM_032638.4	ENST00000341105	NM_032638.4	Yes	No	6	Yes	Yes	Yes	No	Yes	Yes	Yes	NFE1B
H3-3A	3020	ENST00000366813	NM_002107.4	ENST00000366815	NM_002107.4	Yes	No	6	Yes	Yes	Yes	Yes	No	Yes	Yes	H3.3A, H3F3, H3F3A
HGF	3082	ENST00000222390	NM_000601.4	ENST00000222390	NM_000601.4	Yes	No	6	Yes	Yes	Yes	Yes	Yes	No	Yes	DFNB39, F-TCF, HGFB, HPTA
IRF4	3662	ENST00000380956	NM_002460.3	ENST00000380956	NM_002460.3	Yes	No	6	Yes	Yes	Yes	Yes	Yes	No	Yes	LSIRF, MUM1
JUN	3725	ENST00000371222	NM_002228.3	ENST00000371222	NM_002228.3	Yes	No	6	Yes	Yes	Yes	Yes	Yes	No	Yes	AP-1, c-Jun
KDM5A	5927	ENST00000399788	NM_001042603.1	ENST00000399788	NM_001042603.1	Yes	No	6	Yes	Yes	Yes	Yes	Yes	No	Yes	JARID1A, RBBP2
KDR	3791	ENST00000263923	NM_002253.2	ENST00000263923	NM_002253.2	Yes	No	6	Yes	Yes	Yes	Yes	Yes	No	Yes	CD309, FLK1, VEGFR, VEGFR2
MAP2K2	5605	ENST00000262948	NM_030662.3	ENST00000262948	NM_030662.3	Yes	No	6	Yes	Yes	Yes	Yes	Yes	No	Yes	MEK2, PRKMK2
MAPK1	5594	ENST00000215832	NM_002745.4	ENST00000215832	NM_002745.4	Yes	No	6	Yes	Yes	Yes	Yes	Yes	No	Yes	ERK2, MAPK2, PRKM1, PRKM2, p41mapk
MDM2	4193	ENST00000462284	NM_002392.5	ENST00000258149	NM_002392.5	Yes	No	6	Yes	Yes	Yes	Yes	Yes	No	Yes	HDM2, MGC5370
MDM4	4194	ENST00000367182	NM_002393.4	ENST00000367182	NM_002393.4	Yes	No	6	Yes	Yes	Yes	Yes	Yes	No	Yes	HDMX, MDMX
MITF	4286	ENST00000394351	NM_000248.3	ENST00000394351	NM_000248.3	Yes	Yes	6	Yes	Yes	Yes	Yes	Yes	No	Yes	MI, WS2, WS2A, bHLHe32
MTOR	2475	ENST00000361445	NM_004958.3	ENST00000361445	NM_004958.3	Yes	No	6	Yes	Yes	Yes	Yes	Yes	No	Yes	FLJ44809, FRAP, FRAP1, FRAP2, RAFT1, RAPT1
MYC	4609	ENST00000377970	NM_002467.4	ENST00000621592	NM_002467.4	Yes	No	6	Yes	Yes	Yes	Yes	Yes	No	Yes	MYCC, bHLHe39, c-Myc
MYCL	4610	ENST00000397332	NM_001033082.2	ENST00000397332	NM_001033082.2	Yes	No	6	Yes	Yes	Yes	Yes	Yes	No	Yes	LMYC, MYCL1, bHLHe38
MYCN	4613	ENST00000281043	NM_005378.4	ENST00000281043	NM_005378.4	Yes	No	6	Yes	Yes	Yes	Yes	Yes	No	Yes	MYCNOT, N-myc, NMYC, bHLHe37
NKX2-1	7080	ENST00000354822	NM_001079668.2	ENST00000354822	NM_001079668.2	Yes	No	6	Yes	Yes	Yes	Yes	Yes	No	Yes	BCH, NKX2A, TITF1, TTF-1
NSD2	7468	ENST00000382891	NM_001042424.2	ENST00000382891	NM_001042424.2	Yes	No	6	Yes	Yes	Yes	Yes	Yes	No	Yes	KMT3G, MMSET, WHSC1
NTRK1	4914	ENST00000524377	NM_002529.3	ENST00000524377	NM_002529.3	Yes	No	6	Yes	Yes	Yes	Yes	Yes	No	Yes	MTC, TRKA
NTRK2	4915	ENST00000277120	NM_006180.3	ENST00000277120	NM_006180.3	Yes	No	6	Yes	Yes	Yes	Yes	Yes	No	Yes	TRKB
NTRK3	4916	ENST00000360948	NM_001012338.2	ENST00000360948	NM_001012338.2	Yes	No	6	Yes	Yes	Yes	Yes	Yes	No	Yes	TRKC
PDCD1LG2	80380	ENST00000397747	NM_025239.3	ENST00000397747	NM_025239.3	Yes	No	6	Yes	Yes	Yes	Yes	Yes	No	Yes	B7-DC, Btdc, CD273, PD-L2, PDL2, bA574F11.2
PDGFRB	5159	ENST00000261799	NM_002609.3	ENST00000261799	NM_002609.3	Yes	No	6	Yes	Yes	Yes	Yes	Yes	No	Yes	CD140b, JTK12, PDGFR, PDGFR1
RAF1	5894	ENST00000251849	NM_002880.3	ENST00000251849	NM_002880.3	Yes	No	6	Yes	Yes	Yes	Yes	Yes	No	Yes	CRAF, Raf-1, c-Raf
ROS1	6098	ENST00000368508	NM_002944.2	ENST00000368508	NM_002944.2	Yes	No	6	Yes	Yes	Yes	Yes	Yes	No	Yes	MCF3, ROS, c-ros-1
SOX2	6657	ENST00000325404	NM_003106.3	ENST00000325404	NM_003106.3	Yes	No	6	Yes	Yes	Yes	Yes	Yes	No	Yes	
SRC	6714	ENST00000358208	NM_198291.2	ENST00000358208	NM_198291.2	Yes	No	6	Yes	Yes	Yes	Yes	Yes	No	Yes	ASV, SRC1, c-src
STAT3	6774	ENST00000264657	NM_139276.2	ENST00000264657	NM_139276.2	Yes	No	6	Yes	Yes	Yes	Yes	Yes	No	Yes	APRF
SYK	6850	ENST00000375746	NM_003177.5	ENST00000375746	NM_003177.5	Yes	No	6	Yes	Yes	Yes	Yes	Yes	No	Yes	
XPO1	7514	ENST00000401558	NM_003400.3	ENST00000401558	NM_003400.3	Yes	No	6	Yes	Yes	Yes	Yes	Yes	No	Yes	CRM-1, CRM1, emb
AKT3	10000	ENST00000263826	NM_005465.4	ENST00000263826	NM_005465.4	Yes	No	5	Yes	Yes	Yes	Yes	Yes	No	No	PKBG, PRKBG, RAC-gamma
ARAF	369	ENST00000377045	NM_001654.4	ENST00000377045	NM_001654.4	Yes	No	5	Yes	Yes	Yes	Yes	Yes	No	No	ARAF1
AURKA	6790	ENST00000312783	NM_003600.2	ENST00000312783	NM_003600.2	Yes	No	5	Yes	Yes	Yes	Yes	Yes	No	No	AIK, ARK1, AurA, BTAK, PPP1R47, STK15, STK6
AURKB	9212	ENST00000585124	NM_004217.3	ENST00000585124	NM_004217.3	Yes	No	5	Yes	Yes	Yes	Yes	Yes	No	No	ARK2, Aik2, AurB, IPL1, PPP1R48, STK12, STK5
AXL	558	ENST00000301178	NM_021913.4	ENST00000301178	NM_021913.4	Yes	No	5	Yes	Yes	Yes	Yes	Yes	No	No	JTK11, Tyro7, UFO
BCR	613	ENST00000305877	NM_004327.3	ENST00000305877	NM_004327.3	Yes	No	5	Yes	No	Yes	Yes	Yes	No	Yes	ALL, BCR1, CML, D22S11, D22S662, PHL
CDK8	1024	ENST00000381527	NM_001260.1	ENST00000381527	NM_001260.1	Yes	No	5	Yes	Yes	Yes	Yes	Yes	No	No	K35
CRKL	1399	ENST00000354336	NM_005207.3	ENST00000354336	NM_005207.3	Yes	No	5	Yes	Yes	Yes	Yes	Yes	No	No	
DOT1L	84444	ENST00000398665	NM_032482.2	ENST00000398665	NM_032482.2	Yes	No	5	Yes	Yes	Yes	Yes	Yes	No	No	DOT1, KIAA1814, KMT4
EIF4A2	1974	ENST00000323963	NM_001967.3	ENST00000323963	NM_001967.3	Yes	No	5	Yes	Yes	Yes	No	Yes	No	Yes	BM-010, DDX2B
EPHB1	2047	ENST00000398015	NM_004441.4	ENST00000398015	NM_004441.4	Yes	Yes	5	Yes	Yes	Yes	Yes	Yes	No	No	EPHT2, Hek6
ETV1	2115	ENST00000405192	NM_001163147.1	ENST00000405192	NM_001163147.1	Yes	No	5	Yes	Yes	Yes	No	Yes	No	Yes	ER81
FGF19	9965	ENST00000294312	NM_005117.2	ENST00000294312	NM_005117.2	Yes	No	5	Yes	Yes	Yes	Yes	Yes	No	No	
FGF3	2248	ENST00000334134	NM_005247.2	ENST00000334134	NM_005247.2	Yes	No	5	Yes	Yes	Yes	Yes	Yes	No	No	HBGF-3, INT2
FGF4	2249	ENST00000168712	NM_002007.2	ENST00000168712	NM_002007.2	Yes	No	5	Yes	Yes	Yes	Yes	Yes	No	No	HBGF-4, HST, HST-1, HSTF1, K-FGF, KFGF
FLT1	2321	ENST00000282397	NM_002019.4	ENST00000282397	NM_002019.4	Yes	No	5	Yes	Yes	Yes	Yes	Yes	No	No	FLT, VEGFR1
FLT4	2324	ENST00000261937	NM_182925.4	ENST00000261937	NM_182925.4	Yes	No	5	Yes	Yes	Yes	No	Yes	No	Yes	VEGFR-3, VEGFR3
FOXP1	27086	ENST00000318789	NM_001244814.1	ENST00000318789	NM_001244814.1	Yes	Yes	5	Yes	Yes	Yes	No	Yes	No	Yes	12CC4, HSPC215, QRF1, hFKH1B
GSK3B	2932	ENST00000316626	NM_002093.3	ENST00000316626	NM_002093.3	Yes	No	5	Yes	Yes	Yes	Yes	Yes	No	No	
IGF1R	3480	ENST00000268035	NM_000875.3	ENST00000650285	NM_000875.3	Yes	No	5	Yes	Yes	Yes	Yes	Yes	No	No	CD221, IGFIR, IGFR, JTK13, MGC18216
IKBKE	9641	ENST00000367120	NM_014002.3	ENST00000581977	NM_014002.3	Yes	No	5	Yes	Yes	Yes	Yes	Yes	No	No	IKK-i, IKKE, KIAA0151
IL7R	3575	ENST00000303115	NM_002185.3	ENST00000303115	NM_002185.3	Yes	No	5	Yes	Yes	Yes	No	Yes	No	Yes	CD127, IL7RA
IRS2	8660	ENST00000375856	NM_003749.2	ENST00000375856	NM_003749.2	Yes	No	5	Yes	Yes	Yes	Yes	Yes	No	No	
KLF4	9314	ENST00000374672	NM_004235.4	ENST00000374672	NM_004235.4	Yes	Yes	5	Yes	Yes	Yes	No	No	Yes	Yes	EZF, GKLF
LMO1	4004	ENST00000335790	NM_002315.2	ENST00000335790	NM_002315.2	Yes	No	5	Yes	Yes	Yes	No	Yes	No	Yes	RBTN1, RHOM1
MAP3K13	9175	ENST00000265026	NM_004721.4	ENST00000265026	NM_004721.4	Yes	No	5	Yes	Yes	Yes	Yes	No	No	Yes	LZK, MEKK13
MCL1	4170	ENST00000369026	NM_021960.4	ENST00000369026	NM_021960.4	Yes	No	5	Yes	Yes	Yes	Yes	Yes	No	No	BCL2L3, Mcl-1
MEF2B	100271849	ENST00000162023	NM_001145785.1	ENST00000424583	NM_001145785.1	Yes	No	5	Yes	Yes	Yes	Yes	Yes	No	No	RSRFR2
MSI2	124540	ENST00000284073	NM_138962.2	ENST00000284073	NM_138962.2	Yes	No	5	Yes	Yes	Yes	No	Yes	No	Yes	
NSD1	64324	ENST00000439151	NM_022455.4	ENST00000439151	NM_022455.4	Yes	Yes	5	Yes	Yes	Yes	No	Yes	No	Yes	ARA267, FLJ22263, KMT3B, STO
NT5C2	22978	ENST00000343289	NM_001134373.2	ENST00000343289	NM_001134373.2	Yes	No	5	Yes	No	Yes	Yes	Yes	No	Yes	GMP, NT5B, PNT5, SPG45, SPG65, cN-II
PDCD1	5133	ENST00000334409	NM_005018.2	ENST00000334409	NM_005018.2	Yes	No	5	Yes	Yes	Yes	Yes	Yes	No	No	CD279, PD-1, SLEB2, hSLE1
PIK3CB	5291	ENST00000289153	NM_006219.2	ENST00000289153	NM_006219.2	Yes	No	5	Yes	Yes	Yes	Yes	No	No	Yes	PIK3C1
PPARG	5468	ENST00000287820	NM_015869.4	ENST00000287820	NM_015869.4	Yes	No	5	Yes	Yes	Yes	Yes	No	No	Yes	NR1C3, PPARG1, PPARG2, PPARgamma
RAC1	5879	ENST00000356142	NM_018890.3	ENST00000356142	NM_018890.3	Yes	No	5	Yes	Yes	Yes	Yes	No	No	Yes	Rac-1, TC-25, p21-Rac1
REL	5966	ENST00000295025	NM_002908.2	ENST00000295025	NM_002908.2	Yes	No	5	Yes	Yes	Yes	Yes	No	No	Yes	HIVEN86A, I-Rel, c-Rel
RHOA	387	ENST00000418115	NM_001664.2	ENST00000418115	NM_001664.2	Yes	No	5	Yes	Yes	Yes	No	Yes	No	Yes	ARH12, ARHA, RHOH12, Rho12
RICTOR	253260	ENST00000357387	NM_152756.3	ENST00000357387	NM_152756.3	Yes	No	5	Yes	Yes	Yes	Yes	Yes	No	No	AVO3, KIAA1999, MGC39830, PIA
RPTOR	57521	ENST00000306801	NM_020761.2	ENST00000306801	NM_020761.2	Yes	No	5	Yes	Yes	Yes	Yes	Yes	No	No	KIAA1303, KOG1, Mip1, raptor
SETBP1	26040	ENST00000282030	NM_015559.2	ENST00000649279	NM_015559.2	Yes	No	5	Yes	No	Yes	No	Yes	Yes	Yes	KIAA0437, SEB
SOX9	6662	ENST00000245479	NM_000346.3	ENST00000245479	NM_000346.3	Yes	Yes	5	Yes	Yes	Yes	Yes	No	Yes	No	CMD1, CMPD1
STAT5B	6777	ENST00000293328	NM_012448.3	ENST00000293328	NM_012448.3	Yes	No	5	Yes	Yes	Yes	No	Yes	No	Yes	
TERT	7015	ENST00000310581	NM_198253.2	ENST00000310581	NM_198253.2	Yes	No	5	Yes	Yes	Yes	Yes	No	No	Yes	EST2, TCS1, TP2, TRT, hEST2
TOP1	7150	ENST00000361337	NM_003286.2	ENST00000361337	NM_003286.2	Yes	No	5	Yes	Yes	Yes	No	Yes	No	Yes	
TP63	8626	ENST00000264731	NM_003722.4	ENST00000264731	NM_003722.4	Yes	Yes	5	Yes	Yes	Yes	No	Yes	No	Yes	EEC3, KET, OFC8, SHFM4, TP53CP, TP53L, TP73L, p53CP, p63, p73H, p73L
TSHR	7253	ENST00000298171	NM_000369.2	ENST00000541158	NM_000369.2	Yes	No	5	Yes	Yes	Yes	No	Yes	Yes	No	LGR3
ACVR1	90	ENST00000263640	NM_001111067.2	ENST00000263640	NM_001111067.2	Yes	No	4	Yes	Yes	Yes	No	No	No	Yes	ACVR1A, ACVRLK2, ALK2, SKR1
ALOX12B	242	ENST00000319144	NM_001139.2	ENST00000647874	NM_001139.2	Yes	Yes	4	Yes	Yes	Yes	Yes	No	No	No	12R-LOX
DNMT1	1786	ENST00000340748	NM_001379.2	ENST00000340748	NM_001379.2	Yes	No	4	Yes	Yes	Yes	No	No	Yes	No	CXXC9, DNMT, MCMT
EPHA7	2045	ENST00000369303	NM_004440.3	ENST00000369303	NM_004440.3	Yes	Yes	4	Yes	Yes	Yes	No	Yes	No	No	Hek11
ETV4	2118	ENST00000319349	NM_001079675.2	ENST00000319349	NM_001079675.2	Yes	No	4	Yes	No	No	Yes	Yes	No	Yes	E1A-F, E1AF, PEA3
ETV5	2119	ENST00000306376	NM_004454.2	ENST00000306376	NM_004454.2	Yes	No	4	Yes	No	No	Yes	Yes	No	Yes	ERM
EWSR1	2130	ENST00000397938	NM_005243.3	ENST00000397938	NM_005243.3	Yes	No	4	Yes	No	No	Yes	Yes	No	Yes	EWS
FOXA1	3169	ENST00000250448	NM_004496.3	ENST00000250448	NM_004496.3	Yes	Yes	4	Yes	Yes	Yes	No	No	No	Yes	HNF3A
GLI1	2735	ENST00000228682	NM_005269.2	ENST00000228682	NM_005269.2	Yes	No	4	Yes	Yes	Yes	No	Yes	No	No	GLI
GNA13	10672	ENST00000439174	NM_006572.5	ENST00000439174	NM_006572.5	Yes	Yes	4	Yes	No	Yes	Yes	Yes	No	No	G13, MGC46138
HDAC1	3065	ENST00000373548	NM_004964.2	ENST00000373548	NM_004964.2	Yes	No	4	Yes	No	Yes	Yes	Yes	No	No	GON-10, HD1, KDAC1, RPD3L1
IKZF3	22806	ENST00000346872	NM_012481.4	ENST00000346872	NM_012481.4	Yes	Yes	4	Yes	No	Yes	No	Yes	No	Yes	Aiolos, ZNFN1A3
INHBA	3624	ENST00000242208	NM_002192.2	ENST00000242208	NM_002192.2	Yes	Yes	4	Yes	Yes	Yes	No	Yes	No	No	
LYN	4067	ENST00000519728	NM_002350.3	ENST00000519728	NM_002350.3	Yes	No	4	Yes	Yes	Yes	Yes	No	No	No	JTK8
MAP3K14	9020	ENST00000344686	NM_003954.3	ENST00000344686	NM_003954.3	Yes	No	4	Yes	Yes	Yes	No	Yes	No	No	FTDCR1B, HS, HSNIK
MST1R	4486	ENST00000296474	NM_002447.2	ENST00000296474	NM_002447.2	Yes	No	4	Yes	Yes	Yes	Yes	No	No	No	CD136, CDw136, PTK8, RON, SEA
MYB	4602	ENST00000367814	NM_005375	ENST00000367814	NM_005375	Yes	No	4	Yes	No	No	Yes	Yes	No	Yes	c-myb
NOTCH3	4854	ENST00000263388	NM_000435.2	ENST00000263388	NM_000435.2	Yes	Yes	4	Yes	Yes	Yes	Yes	No	No	No	CADASIL, CASIL
PIK3CG	5294	ENST00000359195	NM_002649.2	ENST00000359195	NM_002649.2	Yes	No	4	Yes	Yes	Yes	No	Yes	No	No	
PLCG2	5336	ENST00000359376	NM_002661.3	ENST00000564138	NM_002661.3	Yes	No	4	Yes	Yes	Yes	No	Yes	No	No	
PPM1D	8493	ENST00000305921	NM_003620.3	ENST00000305921	NM_003620.3	Yes	No	4	Yes	Yes	Yes	No	No	No	Yes	PP2C-DELTA, Wip1
PRKCI	5584	ENST00000295797	NM_002740.5	ENST00000295797	NM_002740.5	Yes	No	4	Yes	Yes	Yes	Yes	No	No	No	DXS1179E, PKCI
RRAS2	22800	ENST00000256196	NM_012250.5	ENST00000256196	NM_012250.5	Yes	No	4	Yes	Yes	Yes	No	No	No	Yes	TC21
RUNX1T1	862	ENST00000265814	NM_001198626.1	ENST00000265814	NM_001198626.1	Yes	No	4	Yes	No	Yes	No	Yes	No	Yes	AML1T1, CBFA2T1, ETO, MTG8, ZMYND2
SGK1	6446	ENST00000237305	NM_005627.3	ENST00000237305	NM_005627.3	Yes	No	4	Yes	No	Yes	Yes	Yes	No	No	SGK
STAT5A	6776	ENST00000345506	NM_003152.3	ENST00000345506	NM_003152.3	Yes	No	4	Yes	Yes	Yes	No	Yes	No	No	STAT5
STAT6	6778	ENST00000300134	NM_001178078.1	ENST00000300134	NM_001178078.1	Yes	No	4	Yes	No	Yes	No	Yes	No	Yes	D12S1644, IL-4-STAT
TBL1XR1	79718	ENST00000430069	NM_024665.4	ENST00000430069	NM_024665.4	Yes	No	4	Yes	No	Yes	No	Yes	No	Yes	C21, DC42, FLJ12894, IRA1, TBLR1
VEGFA	7422	ENST00000523873	NM_001171623.1	ENST00000523873	NM_001171623.1	Yes	No	4	Yes	Yes	Yes	Yes	No	No	No	VEGF, VEGF-A, VPF
WWTR1	25937	ENST00000360632	NM_001168280.1	ENST00000360632	NM_001168280.1	Yes	No	4	Yes	Yes	Yes	No	No	No	Yes	DKFZp586I1419
ABL2	27	ENST00000502732	NM_007314.3	ENST00000502732	NM_007314.3	Yes	No	3	Yes	No	No	No	Yes	No	Yes	ABLL
AFF4	27125	ENST00000265343	NM_014423	ENST00000265343	NM_014423	Yes	No	3	Yes	No	No	No	Yes	No	Yes	AF5Q31, MCEF
ARHGAP26	23092	ENST00000274498	NM_015071	ENST00000274498	NM_015071	Yes	Yes	3	Yes	No	No	No	Yes	No	Yes	GRAF, KIAA0621, OPHN1L, OPHN1L1
ARHGAP35	2909	ENST00000404338	NM_004491.4	ENST00000404338	NM_004491.4	Yes	Yes	3	Yes	Yes	No	No	No	No	Yes	GRF-1, GRLF1, KIAA1722, P190A, p190ARhoGAP, p190RhoGAP
ARHGEF12	23365	ENST00000397843	NM_015313	ENST00000397843	NM_015313	Yes	Yes	3	Yes	No	No	No	Yes	No	Yes	KIAA0382, LARG
ATF1	466	ENST00000262053	NM_005171.4	ENST00000262053	NM_005171.4	Yes	No	3	Yes	No	No	No	Yes	No	Yes	TREB36
ATIC	471	ENST00000236959	NM_004044	ENST00000236959	NM_004044	Yes	No	3	Yes	No	No	No	Yes	No	Yes	AICARFT, IMPCHASE, PURH
BCL3	602	ENST00000164227	NM_005178	ENST00000164227	NM_005178	Yes	No	3	Yes	No	No	No	Yes	No	Yes	BCL4, D19S37
BCL9	607	ENST00000234739	NM_004326.3	ENST00000234739	NM_004326.3	Yes	No	3	Yes	No	No	No	Yes	No	Yes	
CD276	80381	ENST00000318443	NM_001024736.1	ENST00000318443	NM_001024736.1	Yes	No	3	Yes	Yes	Yes	No	No	No	No	B7-H3, B7H3, B7RP-2
CD70	970	ENST00000245903	NM_001252	ENST00000245903	NM_001252	Yes	No	3	Yes	No	No	Yes	Yes	No	No	CD27L, CD27LG, TNFSF7
CD74	972	ENST00000009530	NM_001025159	ENST00000009530	NM_001025159	Yes	No	3	Yes	No	No	Yes	No	No	Yes	DHLAG
CDC42	998	ENST00000344548	NM_001791.3	ENST00000344548	NM_001791.3	Yes	No	3	Yes	Yes	Yes	No	No	No	No	CDC42Hs, G25K
COL1A1	1277	ENST00000225964	NM_000088	ENST00000225964	NM_000088	Yes	No	3	Yes	No	No	No	Yes	No	Yes	
COP1	64326	ENST00000367669	NM_022457.5	ENST00000367669	NM_022457.5	Yes	No	3	Yes	Yes	Yes	No	No	No	No	CFAP78, FAP78, FLJ10416, RFWD2, RNF200
CTLA4	1493	ENST00000302823	NM_005214.4	ENST00000648405	NM_005214.4	Yes	No	3	Yes	Yes	Yes	No	No	No	No	CD152, CELIAC3, CTLA-4, GSE, IDDM12
CYSLTR2	57105	ENST00000282018	NM_020377.2	ENST00000282018	NM_020377.2	Yes	No	3	Yes	Yes	Yes	No	No	No	No	CYSLT2R, CysLT(2)
DCUN1D1	54165	ENST00000292782	NM_020640.2	ENST00000292782	NM_020640.2	Yes	No	3	Yes	Yes	Yes	No	No	No	No	DCUN1L1, RP42, SCCRO, SCRO, Tes3
DEK	7913	ENST00000397239	NM_003472.3	ENST00000652689	NM_003472.3	Yes	No	3	Yes	No	No	No	Yes	No	Yes	D6S231E
DNM2	1785	ENST00000355667	NM_001005360	ENST00000355667	NM_001005360	Yes	No	3	Yes	No	No	No	Yes	No	Yes	CMT2M, CMTDI1, CMTDIB, DI-CMTB, DYN2, DYNII
E2F3	1871	ENST00000346618	NM_001949.4	ENST00000346618	NM_001949.4	Yes	No	3	Yes	Yes	Yes	No	No	No	No	
EGFL7	51162	ENST00000308874	NM_201446.2	ENST00000308874	NM_201446.2	Yes	No	3	Yes	Yes	Yes	No	No	No	No	ZNEU1
EIF4E	1977	ENST00000280892	NM_001130678.1	ENST00000280892	NM_001130678.1	Yes	No	3	Yes	Yes	Yes	No	No	No	No	EIF4E1, EIF4EL1, EIF4F
ELF3	1999	ENST00000359651	NM_004433.4	ENST00000359651	NM_004433.4	Yes	Yes	3	Yes	Yes	Yes	No	No	No	No	EPR-1, ERT, ESE-1, ESX
ELF4	2000	ENST00000308167	NM_001127197	ENST00000308167	NM_001127197	Yes	No	3	Yes	No	No	No	Yes	No	Yes	ELFR
ELL	8178	ENST00000262809	NM_006532	ENST00000262809	NM_006532	Yes	No	3	Yes	No	No	No	Yes	No	Yes	C19orf17, ELL1, Men, PPP1R68
EMSY	56946	ENST00000334736	NM_020193	ENST00000334736	NM_020193	Yes	No	3	Yes	No	No	Yes	Yes	No	No	C11orf30
EZH1	2145	ENST00000428826	NM_001991.3	ENST00000428826	NM_001991.3	Yes	No	3	Yes	Yes	Yes	No	No	No	No	KIAA0388, KMT6B
FGF10	2255	ENST00000264664	NM_004465	ENST00000264664	NM_004465	Yes	No	3	Yes	No	No	Yes	Yes	No	No	
FGF23	8074	ENST00000237837	NM_020638	ENST00000237837	NM_020638	Yes	No	3	Yes	No	No	Yes	Yes	No	No	
FGF6	2251	ENST00000228837	NM_020996	ENST00000228837	NM_020996	Yes	No	3	Yes	No	No	Yes	Yes	No	No	
FLI1	2313	ENST00000527786	NM_002017.4	ENST00000527786	NM_002017.4	Yes	No	3	Yes	No	No	No	Yes	No	Yes	SIC-1
FUS	2521	ENST00000254108	NM_004960	ENST00000254108	NM_004960	Yes	No	3	Yes	No	No	No	Yes	No	Yes	ALS6, HNRNPP2, TLS, hnRNP-P2
FYN	2534	ENST00000368678	NM_153047.3	ENST00000368678	NM_153047.3	Yes	No	3	Yes	Yes	Yes	No	No	No	No	MGC45350
GNA12	2768	ENST00000275364	NM_007353.2	ENST00000275364	NM_007353.2	Yes	No	3	Yes	No	Yes	No	Yes	No	No	gep
GNB1	2782	ENST00000378609	NM_001282539.1	ENST00000378609	NM_001282539.1	Yes	No	3	Yes	Yes	Yes	No	No	No	No	
GREM1	26585	ENST00000300177	NM_013372.6	ENST00000300177	NM_013372.6	Yes	No	3	Yes	Yes	Yes	No	No	No	No	CKTSF1B1, CRAC1, DAND2, DRM, HMPS, gremlin
H1-4	3008	ENST00000304218	NM_005321.2	ENST00000304218	NM_005321.2	Yes	No	3	Yes	No	Yes	No	Yes	No	No	H1.4, H1F4, H1e, H1s-4, HIST1H1E
H2AC17	8336	ENST00000359611	NM_003514	ENST00000359611	NM_003514	Yes	No	3	Yes	No	Yes	No	Yes	No	No	H2A.1, H2A/n, H2AFN, HIST1H2AM
HDAC4	9759	ENST00000345617	NM_006037.3	ENST00000345617	NM_006037.3	Yes	Yes	3	Yes	No	Yes	No	Yes	No	No	BDMR, HA6116, HD4, HDAC-4, HDAC-A, HDACA, KIAA0288
HDAC7	51564	ENST00000427332	XM_011538481.1	ENST00000427332	XM_011538481.1	Yes	No	3	Yes	No	Yes	No	Yes	No	No	DKFZP586J0917, HDAC7A
HIF1A	3091	ENST00000337138	NM_001530.3	ENST00000337138	NM_001530.3	Yes	No	3	Yes	No	Yes	No	No	No	Yes	HIF-1alpha, HIF1, MOP1, PASD8, bHLHe78
HMGA1	3159	ENST00000311487	NM_145899	ENST00000311487	NM_145899	Yes	No	3	Yes	No	No	No	Yes	No	Yes	HMGIY
HMGA2	8091	ENST00000403681	NM_003483	ENST00000403681	NM_003483	Yes	No	3	Yes	No	No	No	Yes	No	Yes	BABL, HMGIC, LIPO
HOXB13	10481	ENST00000290295	NM_006361.5	ENST00000290295	NM_006361.5	Yes	Yes	3	Yes	Yes	Yes	No	No	No	No	
HSP90AA1	3320	ENST00000216281	NM_005348	ENST00000216281	NM_005348	Yes	No	3	Yes	No	No	No	Yes	No	Yes	FLJ31884, HSP90N, HSPC1, HSPCA, Hsp89, Hsp90
ICOSLG	23308	ENST00000407780	NM_015259.4	ENST00000407780	NM_015259.4	Yes	No	3	Yes	Yes	Yes	No	No	No	No	B7-H2, B7H2, B7RP-1, B7RP1, B7h, CD275, GL50, ICOS-L, ICOSL, KIAA0653
IGF1	3479	ENST00000307046	NM_001111285.1	ENST00000307046	NM_001111285.1	Yes	No	3	Yes	Yes	Yes	No	No	No	No	IGF, IGF-I, IGF1A, IGFI
IGF2	3481	ENST00000434045	NM_001127598.1	ENST00000434045	NM_001127598.1	Yes	No	3	Yes	Yes	Yes	No	No	No	No	C11orf43, FLJ44734, IGF-II
INSR	3643	ENST00000302850	NM_000208.2	ENST00000302850	NM_000208.2	Yes	No	3	Yes	Yes	Yes	No	No	No	No	CD220
IRS1	3667	ENST00000305123	NM_005544.2	ENST00000305123	NM_005544.2	Yes	No	3	Yes	Yes	Yes	No	No	No	No	HIRS-1
JARID2	3720	ENST00000341776	NM_004973.3	ENST00000341776	NM_004973.3	Yes	Yes	3	Yes	No	Yes	No	Yes	No	No	JMJ
KLHL6	89857	ENST00000341319	NM_130446	ENST00000341319	NM_130446	Yes	Yes	3	Yes	No	No	Yes	Yes	No	No	FLJ00029
LCK	3932	ENST00000336890	NM_001042771.2	ENST00000336890	NM_001042771.2	Yes	No	3	Yes	No	Yes	No	No	No	Yes	
LEF1	51176	ENST00000265165	NM_016269	ENST00000265165	NM_016269	Yes	No	3	Yes	No	No	No	Yes	No	Yes	TCF10, TCF1ALPHA, TCF7L3
LMO2	4005	ENST00000395833	NM_001142315.1	ENST00000395833	NM_001142315.1	Yes	No	3	Yes	No	No	No	Yes	No	Yes	RBTN2, RBTNL1, RHOM2, TTG2
MAFB	9935	ENST00000373313	NM_005461.4	ENST00000373313	NM_005461.4	Yes	No	3	Yes	No	No	No	Yes	No	Yes	KRML
MAPK3	5595	ENST00000263025	NM_002746.2	ENST00000263025	NM_002746.2	Yes	No	3	Yes	Yes	Yes	No	No	No	No	ERK1, PRKM3, p44erk1, p44mapk
MECOM	2122	ENST00000468789	NM_001105078.3	ENST00000468789	NM_001105078.3	Yes	No	3	Yes	No	No	No	Yes	No	Yes	EVI1, KMT8E, MDS1, MDS1-EVI1, PRDM3
MLLT10	8028	ENST00000307729	NM_001195626.1	ENST00000307729	NM_001195626.1	Yes	No	3	Yes	No	No	No	Yes	No	Yes	AF10
MLLT3	4300	ENST00000380338	NM_004529	ENST00000380338	NM_004529	Yes	No	3	Yes	No	No	No	Yes	No	Yes	AF-9, AF9, YEATS3
MN1	4330	ENST00000302326	NM_002430	ENST00000302326	NM_002430	Yes	No	3	Yes	No	No	No	Yes	No	Yes	MGCR, MGCR1, MGCR1-PEN
MSI1	4440	ENST00000257552	NM_002442.3	ENST00000257552	NM_002442.3	Yes	No	3	Yes	Yes	Yes	No	No	No	No	
NCOA3	8202	ENST00000371998	NM_181659.2	ENST00000371998	NM_181659.2	Yes	No	3	Yes	Yes	Yes	No	No	No	No	ACTR, AIB1, CAGH16, KAT13B, SRC-3, SRC3, TNRC16, TRAM-1, bHLHe42, p/CIP
NCSTN	23385	ENST00000294785	NM_015331.2	ENST00000294785	NM_015331.2	Yes	No	3	Yes	No	Yes	No	Yes	No	No	APH2, KIAA0253
NOTCH4	4855	ENST00000375023	NM_004557.3	ENST00000375023	NM_004557.3	Yes	Yes	3	Yes	Yes	Yes	No	No	No	No	INT3
NR4A3	8013	ENST00000395097	NM_006981.3	ENST00000395097	NM_006981.3	Yes	No	3	Yes	No	No	No	Yes	No	Yes	CSMF, MINOR
NUF2	83540	ENST00000271452	NM_031423.3	ENST00000271452	NM_031423.3	Yes	No	3	Yes	Yes	Yes	No	No	No	No	CDCA1, CT106, NUF2R
NUP214	8021	ENST00000359428	NM_005085	ENST00000359428	NM_005085	Yes	No	3	Yes	No	No	No	Yes	No	Yes	CAIN, CAN, D9S46E, N214
NUP98	4928	ENST00000359171	XM_005252950.1	ENST00000355260	XM_005252950.1	Yes	No	3	Yes	No	No	No	Yes	No	Yes	NUP96, Nup98-96, Nup98-Nup96
PAK1	5058	ENST00000356341	NM_002576.4	ENST00000356341	NM_002576.4	Yes	No	3	Yes	Yes	Yes	No	No	No	No	
PAK5	57144	ENST00000353224	NM_177990.2	ENST00000353224	NM_177990.2	Yes	No	3	Yes	Yes	Yes	No	No	No	No	KIAA1264, PAK7
PAX3	5077	ENST00000350526	NM_181457	ENST00000350526	NM_181457	Yes	No	3	Yes	No	No	No	Yes	No	Yes	HUP2, WS1
PAX7	5081	ENST00000420770	NM_001135254	ENST00000420770	NM_001135254	Yes	No	3	Yes	No	No	No	Yes	No	Yes	Hup1
PDGFB	5155	ENST00000331163	NM_002608.2	ENST00000331163	NM_002608.2	Yes	No	3	Yes	No	No	No	Yes	No	Yes	SIS, SSV
PDK1	5163	ENST00000282077	NM_002610	ENST00000282077	NM_002610	Yes	No	3	Yes	No	No	Yes	Yes	No	No	
PGR	5241	ENST00000325455	NM_000926.4	ENST00000325455	NM_000926.4	Yes	No	3	Yes	Yes	Yes	No	No	No	No	NR3C3, PR
PIK3CD	5293	ENST00000377346	NM_005026.3	ENST00000377346	NM_005026.3	Yes	No	3	Yes	Yes	Yes	No	No	No	No	p110D
PLCG1	5335	ENST00000373271	NM_182811.1	ENST00000373271	NM_182811.1	Yes	No	3	Yes	No	Yes	No	No	No	Yes	NCKAP3, PLC-II, PLC1, PLC148, PLCgamma1
RAB35	11021	ENST00000229340	NM_006861.6	ENST00000229340	NM_006861.6	Yes	No	3	Yes	Yes	Yes	No	No	No	No	H-ray
RAC2	5880	ENST00000249071	NM_002872.4	ENST00000249071	NM_002872.4	Yes	No	3	Yes	Yes	Yes	No	No	No	No	EN-7
RBM15	64783	ENST00000369784	NM_022768.4	ENST00000369784	NM_022768.4	Yes	Yes	3	Yes	No	No	No	Yes	No	Yes	OTT, OTT1
RHEB	6009	ENST00000262187	NM_005614.3	ENST00000262187	NM_005614.3	Yes	No	3	Yes	Yes	Yes	No	No	No	No	RHEB2
RIT1	6016	ENST00000368323	NM_006912.5	ENST00000368323	NM_006912.5	Yes	No	3	Yes	Yes	Yes	No	No	No	No	MGC125864, MGC125865, RIBB, RIT, ROC1
RPS6KA4	8986	ENST00000334205	NM_003942.2	ENST00000334205	NM_003942.2	Yes	No	3	Yes	Yes	Yes	No	No	No	No	MSK2, RSK-B
RPS6KB2	6199	ENST00000312629	NM_003952.2	ENST00000312629	NM_003952.2	Yes	No	3	Yes	Yes	Yes	No	No	No	No	KLS, P70-BETA, S6KB, S6Kbeta, S6K?, STK14B, p70S6Kb
RRAGC	64121	ENST00000373001	NM_022157.3	ENST00000373001	NM_022157.3	Yes	No	3	Yes	Yes	Yes	No	No	No	No	FLJ13311, GTR2
RRAS	6237	ENST00000246792	NM_006270.3	ENST00000246792	NM_006270.3	Yes	No	3	Yes	Yes	Yes	No	No	No	No	R-Ras
SET	6418	ENST00000372692	NM_001122821	ENST00000372692	NM_001122821	Yes	No	3	Yes	No	No	No	Yes	No	Yes	2PP2A, IGAAD, IPP2A2, PHAPII, TAF-I, TAF-IBETA
SETDB1	9869	ENST00000271640	NM_001145415.1	ENST00000271640	NM_001145415.1	Yes	Yes	3	Yes	Yes	Yes	No	No	No	No	ESET, KG1T, KIAA0067, KMT1E, TDRD21
SHOC2	8036	ENST00000369452	NM_007373.3	ENST00000369452	NM_007373.3	Yes	No	3	Yes	Yes	Yes	No	No	No	No	KIAA0862, SOC-2, SOC2, SUR-8, SUR8
SMARCE1	6605	ENST00000348513	NM_003079.4	ENST00000348513	NM_003079.4	Yes	Yes	3	Yes	Yes	No	No	No	No	Yes	BAF57
SMYD3	64754	ENST00000388985	NM_001167740.1	ENST00000490107	NM_001167740.1	Yes	No	3	Yes	Yes	Yes	No	No	No	No	KMT3E, ZMYND1, ZNFN3A1
SOS1	6654	ENST00000402219	NM_005633.3	ENST00000402219	NM_005633.3	Yes	No	3	Yes	Yes	Yes	No	No	No	No	GINGF
SS18	6760	ENST00000415083	NM_001007559.2	ENST00000415083	NM_001007559.2	Yes	No	3	Yes	No	No	No	Yes	No	Yes	SSXT
STK19	8859	ENST00000375331	NM_004197.1	ENST00000375331	NM_004197.1	Yes	No	3	Yes	Yes	Yes	No	No	No	No	D6S60, G11
TAL1	6886	ENST00000294339	NM_001287347.2	ENST00000294339	NM_001287347.2	Yes	No	3	Yes	No	No	No	Yes	No	Yes	TCL5, bHLHa17
TCL1A	8115	ENST00000402399	NM_001098725.1	ENST00000402399	NM_001098725.1	Yes	No	3	Yes	No	No	No	Yes	No	Yes	TCL1
TFE3	7030	ENST00000315869	NM_006521.5	ENST00000315869	NM_006521.5	Yes	No	3	Yes	No	No	No	Yes	No	Yes	TFEA, bHLHe33
TLX1	3195	ENST00000370196	NM_005521.3	ENST00000370196	NM_005521.3	Yes	No	3	Yes	No	No	No	Yes	No	Yes	HOX11, TCL3
TLX3	30012	ENST00000296921	NM_021025.2	ENST00000296921	NM_021025.2	Yes	No	3	Yes	No	No	No	Yes	No	Yes	HOX11L2, RNX
TNFRSF17	608	ENST00000053243	NM_001192	ENST00000053243	NM_001192	Yes	No	3	Yes	No	No	No	Yes	No	Yes	BCM, BCMA, CD269, TNFRSF13A
TYK2	7297	ENST00000264818	NM_003331.4	ENST00000264818	NM_003331.4	Yes	No	3	Yes	No	Yes	No	Yes	No	No	JTK1
UBR5	51366	ENST00000520539	NM_015902.5	ENST00000520539	NM_015902.5	Yes	No	3	Yes	No	Yes	No	No	No	Yes	DD5, EDD, EDD1, HYD, KIAA0896
USP8	9101	ENST00000307179	NM_001128610.2	ENST00000307179	NM_001128610.2	Yes	No	3	Yes	Yes	No	No	No	No	Yes	HumORF8, KIAA0055, SPG59, UBPY
XBP1	7494	ENST00000216037	NM_005080.3	ENST00000216037	NM_005080.3	Yes	No	3	Yes	No	Yes	No	Yes	No	No	XBP2
XIAP	331	ENST00000355640	NM_001167.3	ENST00000355640	NM_001167.3	Yes	No	3	Yes	Yes	Yes	No	No	No	No	API3, BIRC4, ILP-1, hILP
YAP1	10413	ENST00000282441	NM_001130145.2	ENST00000282441	NM_001130145.2	Yes	No	3	Yes	Yes	Yes	No	No	No	No	YAP65
YES1	7525	ENST00000314574	NM_005433.3	ENST00000314574	NM_005433.3	Yes	No	3	Yes	Yes	Yes	No	No	No	No	HsT441, Yes, c-yes
ZNF217	7764	ENST00000302342	NM_006526	ENST00000302342	NM_006526	Yes	No	3	Yes	No	No	Yes	Yes	No	No	ZABC1
ACKR3	57007	ENST00000272928	NM_020311	ENST00000272928	NM_020311	Yes	Yes	2	Yes	No	No	No	No	No	Yes	CMKOR1, CXCR7, GPR159, RDC1
AGO1	26523	ENST00000373204	NM_012199.2	ENST00000373204	NM_012199.2	Yes	No	2	Yes	Yes	No	No	No	No	No	EIF2C1, hAGO1
APLNR	187	ENST00000257254	NM_005161.4	ENST00000257254	NM_005161.4	Yes	Yes	2	Yes	Yes	No	No	No	No	No	AGTRL1, APJ, APJR, FLJ90771
ARHGEF28	64283	ENST00000426542	NM_001177693.1	ENST00000426542	NM_001177693.1	Yes	No	2	Yes	No	Yes	No	No	No	No	RGNEF, RIP2, p190RhoGEF
ARID3B	10620	ENST00000346246	NM_001307939.1	ENST00000346246	NM_001307939.1	Yes	No	2	Yes	No	Yes	No	No	No	No	BDP, DRIL2
ATP1A1	476	ENST00000295598	NM_000701	ENST00000295598	NM_000701	Yes	Yes	2	Yes	No	No	No	No	No	Yes	
ATXN7	6314	ENST00000295900	NM_000333.3	ENST00000295900	NM_000333.3	Yes	No	2	Yes	Yes	No	No	No	No	No	ADCAII, OPCA3, SCA7, SGF73
BRD3	8019	ENST00000303407	NM_007371	ENST00000303407	NM_007371	Yes	No	2	Yes	No	No	No	No	No	Yes	KIAA0043, ORFX, RING3L
CACNA1D	776	ENST00000350061	NM_001128840	ENST00000350061	NM_001128840	Yes	No	2	Yes	No	No	No	No	No	Yes	CACH3, CACN4, CACNL1A2, CCHL1A2, Cav1.3
CAD	790	ENST00000264705	NM_001306079	ENST00000264705	NM_001306079	Yes	No	2	Yes	No	No	No	Yes	No	No	GATD4
CANT1	124583	ENST00000302345	NM_001159772	ENST00000302345	NM_001159772	Yes	No	2	Yes	No	No	No	No	No	Yes	SCAN-1, SHAPY
CD28	940	ENST00000324106	NM_006139.3	ENST00000324106	NM_006139.3	Yes	No	2	Yes	No	Yes	No	No	No	No	
CDH11	1009	ENST00000268603	NM_001797	ENST00000268603	NM_001797	Yes	No	2	Yes	No	No	No	No	No	Yes	CAD11
CHD4	1108	ENST00000357008	NM_001273	ENST00000544040	NM_001273	Yes	No	2	Yes	No	No	No	No	No	Yes	Mi-2b, Mi2-BETA
CREB1	1385	ENST00000432329	NM_134442.3	ENST00000432329	NM_134442.3	Yes	No	2	Yes	No	No	No	No	No	Yes	
CUL4A	8451	ENST00000375440	NM_001008895	ENST00000375440	NM_001008895	Yes	No	2	Yes	No	No	Yes	No	No	No	
CYP19A1	1588	ENST00000260433	NM_000103.3	ENST00000396402	NM_000103.3	Yes	No	2	Yes	Yes	No	No	No	No	No	ARO, ARO1, CPV1, CYAR, CYP19, P-450AROM, aromatase
DDX5	1655	ENST00000225792	NM_004396	ENST00000225792	NM_004396	Yes	No	2	Yes	No	No	No	No	No	Yes	G17P1, HLR1, p68
ELK4	2005	ENST00000357992	NM_001973	ENST00000357992	NM_001973	Yes	No	2	Yes	No	No	No	No	No	Yes	
ELN	2006	ENST00000252034	NM_001278915	ENST00000252034	NM_001278915	Yes	No	2	Yes	No	No	No	Yes	No	No	SVAS, WBS, WS
EPHB4	2050	ENST00000358173	NM_004444	ENST00000358173	NM_004444	Yes	No	2	Yes	No	No	Yes	No	No	No	HTK, Tyro11
EPOR	2057	ENST00000222139	NM_000121.3	ENST00000222139	NM_000121.3	Yes	No	2	Yes	No	No	No	Yes	No	No	
ERC1	23085	ENST00000360905	NM_178040	ENST00000360905	NM_178040	Yes	No	2	Yes	No	No	No	No	No	Yes	CAST2, ELKS, KIAA1081, MGC12974, RAB6IP2
ETS1	2113	ENST00000319397	NM_005238	ENST00000319397	NM_005238	Yes	Yes	2	Yes	No	No	No	Yes	No	No	ETS-1, EWSR2, FLJ10768
EZHIP	340602	ENST00000342995	NM_203407.2	ENST00000342995	NM_203407.2	Yes	No	2	Yes	Yes	No	No	No	No	No	CATACOMB, CXorf67
FES	2242	ENST00000328850	NM_002005	ENST00000328850	NM_002005	Yes	No	2	Yes	No	No	No	No	No	Yes	FPS
FOXF1	2294	ENST00000262426	NM_001451.2	ENST00000262426	NM_001451.2	Yes	Yes	2	Yes	Yes	No	No	No	No	No	FKHL5, FREAC1
FRS2	10818	ENST00000397997	NM_001042555	ENST00000397997	NM_001042555	Yes	No	2	Yes	No	No	No	Yes	No	No	FRS2A, FRS2alpha, SNT-1
FURIN	5045	ENST00000268171	NM_001289823.1	ENST00000268171	NM_001289823.1	Yes	No	2	Yes	No	Yes	No	No	No	No	FUR, PACE, PCSK3
GAB1	2549	ENST00000262994	NM_002039.3	ENST00000262994	NM_002039.3	Yes	No	2	Yes	Yes	No	No	No	No	No	DFNB26
GAB2	9846	ENST00000361507	NM_080491.2	ENST00000361507	NM_080491.2	Yes	No	2	Yes	Yes	No	No	No	No	No	KIAA0571
GABRA6	2559	ENST00000274545	NM_000811	ENST00000274545	NM_000811	Yes	No	2	Yes	No	No	Yes	No	No	No	
GATA6	2627	ENST00000269216	NM_005257	ENST00000269216	NM_005257	Yes	No	2	Yes	No	No	Yes	No	No	No	
GTF2I	2969	ENST00000324896	NM_032999.3	ENST00000573035	NM_032999.3	Yes	No	2	Yes	No	Yes	No	No	No	No	BAP-135, BTKAP1, DIWS, IB291, TFII-I, WBSCR6
HSD3B1	3283	ENST00000369413	NM_000862	ENST00000369413	NM_000862	Yes	No	2	Yes	No	No	Yes	No	No	No	HSD3B, HSDB3, SDR11E1
IL3	3562	ENST00000296870	NM_000588.3	ENST00000296870	NM_000588.3	Yes	No	2	Yes	No	No	No	Yes	No	No	IL-3, MCGF, MGC79398, MGC79399, MULTI-CSF
IL6ST	3572	ENST00000336909	NM_002184.3	ENST00000336909	NM_002184.3	Yes	No	2	Yes	No	No	No	No	No	Yes	CD130, GP130, IL-6RB, sGP130
KEL	3792	ENST00000355265	NM_000420	ENST00000355265	NM_000420	Yes	No	2	Yes	No	No	Yes	No	No	No	CD238, ECE3
KLF5	688	ENST00000377687	NM_001730.4	ENST00000377687	NM_001730.4	Yes	No	2	Yes	Yes	No	No	No	No	No	BTEB2, IKLF
KSR2	283455	ENST00000339824		ENST00000339824		Yes	No	2	Yes	No	Yes	No	No	No	No	FLJ25965
LTB	4050	ENST00000376117	NM_002341.1	ENST00000376117	NM_002341.1	Yes	Yes	2	Yes	No	Yes	No	No	No	No	TNFC, TNFSF3
LTK	4058	ENST00000263800	NM_002344	ENST00000263800	NM_002344	Yes	No	2	Yes	No	No	Yes	No	No	No	TYK1
MAD2L2	10459	ENST00000235310	NM_001127325.1	ENST00000235310	NM_001127325.1	Yes	Yes	2	Yes	Yes	No	No	No	No	No	FANCV, MAD2B, POLZ2, REV7
MAP3K7	6885	ENST00000369329	NM_145331	ENST00000369329	NM_145331	Yes	No	2	Yes	No	No	No	Yes	No	No	MEKK7, TAK1
MEF2C	4208	ENST00000437473	NM_001193350	ENST00000437473	NM_001193350	Yes	Yes	2	Yes	No	No	No	Yes	No	No	
MERTK	10461	ENST00000295408	NM_006343.2	ENST00000295408	NM_006343.2	Yes	No	2	Yes	No	No	Yes	No	No	No	RP38, Tyro12, c-Eyk, mer
MGAM	8972	ENST00000549489	NM_004668.2	ENST00000549489	NM_004668.2	Yes	No	2	Yes	No	Yes	No	No	No	No	
MKI67	4288	ENST00000368654	NM_002417	ENST00000368654	NM_002417	Yes	No	2	Yes	No	No	No	Yes	No	No	MIB-1, PPP1R105
NADK	65220	ENST00000341426	NM_001198993.1	ENST00000341426	NM_001198993.1	Yes	No	2	Yes	Yes	No	No	No	No	No	FLJ13052
NFE2	4778	ENST00000312156	NM_001136023.2	ENST00000312156	NM_001136023.2	Yes	No	2	Yes	No	Yes	No	No	No	No	NF-E2
NRG1	3084	ENST00000405005	NM_013964.3	ENST00000405005	NM_013964.3	Yes	No	2	Yes	No	No	No	No	No	Yes	GGF, HGL, NDF, NRG1-IT2
PAX8	7849	ENST00000263334	NM_003466.3	ENST00000348715	NM_003466.3	Yes	No	2	Yes	No	No	No	No	No	Yes	
PGBD5	79605	ENST00000525115	NM_001258311.1	ENST00000525115	NM_001258311.1	Yes	No	2	Yes	Yes	No	No	No	No	No	DKFZp761A0620, FLJ11413
PIK3C2B	5287	ENST00000367187	NM_002646	ENST00000367187	NM_002646	Yes	No	2	Yes	No	No	Yes	No	No	No	C2-PI3K, PI3K-C2beta
PRKACA	5566	ENST00000308677	NM_002730.3	ENST00000308677	NM_002730.3	Yes	No	2	Yes	No	No	No	No	No	Yes	PKACa
PRKDC	5591	ENST00000314191	NM_006904		NM_006904	Yes	Yes	2	Yes	No	No	No	Yes	No	No	DNA-PKC, DNA-PKcs, DNAPK, DNAPKc, DNPK1, HYRC, HYRC1, XRCC7, p350, p460
PTPN1	5770	ENST00000371621	NM_001278618.1	ENST00000371621	NM_001278618.1	Yes	Yes	2	Yes	No	Yes	No	No	No	No	PTP1B
RANBP2	5903	ENST00000283195	NM_006267	ENST00000283195	NM_006267	Yes	No	2	Yes	No	No	No	No	No	Yes	ADANE, ANE1, NUP358
SCG5	6447	ENST00000300175	NM_001144757.1	ENST00000300175	NM_001144757.1	Yes	No	2	Yes	Yes	No	No	No	No	No	7B2, SGNE1, SgV
SERPINB3	6317	ENST00000283752	NM_006919.2	ENST00000283752	NM_006919.2	Yes	Yes	2	Yes	Yes	No	No	No	No	No	HsT1196, SCC, SCCA1, T4-A
SETD1A	9739	ENST00000262519	NM_014712.2	ENST00000262519	NM_014712.2	Yes	No	2	Yes	No	Yes	No	No	No	No	KIAA0339, KMT2F, SET1A, Set1
SOX10	6663	ENST00000360880	NM_006941	ENST00000360880	NM_006941	Yes	No	2	Yes	No	No	No	Yes	No	No	DOM, WS2E, WS4
STAT4	6775	ENST00000358470	NM_001243835	ENST00000358470	NM_001243835	Yes	No	2	Yes	No	No	No	Yes	No	No	
TAF1	6872	ENST00000373790	NM_138923		NM_138923	Yes	No	2	Yes	No	No	No	Yes	No	No	BA2R, CCG1, CCGS, DYT3, DYT3/TAF1, KAT4, NSCL2, TAFII250
TRA	6955					Yes	No	2	Yes	No	No	No	No	No	Yes	TCRA, TRA@
TRB	6957					Yes	No	2	Yes	No	No	No	No	No	Yes	TCRB, TRB@
TRD	6964					Yes	No	2	Yes	No	No	No	No	No	Yes	TCRD, TCRDV1, TRD@
TRG	6965					Yes	No	2	Yes	No	No	No	Yes	No	No	TCRG, TRG@
TRIM27	5987	ENST00000377199	NM_006510	ENST00000377199	NM_006510	Yes	No	2	Yes	No	No	No	No	No	Yes	RFP, RNF76
TRIP13	9319	ENST00000166345	NM_004237.3	ENST00000166345	NM_004237.3	Yes	Yes	2	Yes	Yes	No	No	No	No	No	16E1BP
VAV1	7409	ENST00000602142	NM_005428.3	ENST00000602142	NM_005428.3	Yes	No	2	Yes	No	Yes	No	No	No	No	VAV
VAV2	7410	ENST00000371850	NM_001134398.1	ENST00000371850	NM_001134398.1	Yes	No	2	Yes	No	Yes	No	No	No	No	
ZBTB7A	51341	ENST00000322357	NM_015898	ENST00000322357	NM_015898	Yes	Yes	2	Yes	No	Yes	No	No	No	No	DKFZp547O146, FBI-1, LRF, ZBTB7, ZNF857A, pokemon
ADHFE1	137872	ENST00000396623	NM_144650	ENST00000396623	NM_144650	Yes	No	1	Yes	No	No	No	No	No	No	FLJ32430
ALDH1L2	160428	ENST00000258494	NM_001034173	ENST00000258494	NM_001034173	Yes	No	1	Yes	No	No	No	No	No	No	FLJ38508, mtFDH
ANKRD26	22852	ENST00000376087	NM_001256053	ENST00000376087	NM_001256053	Yes	No	1	Yes	No	No	No	No	No	No	KIAA1074, THC2
BAALC	79870	ENST00000297574		ENST00000297574		Yes	No	1	Yes	No	No	No	No	No	No	
CCNB3	85417	ENST00000276014	NM_033031.2	ENST00000276014	NM_033031.2	Yes	No	1	Yes	No	No	No	No	No	No	
CD19	930	ENST00000324662	NM_001770	ENST00000538922	NM_001770	Yes	No	1	Yes	No	No	No	No	No	No	
CDH2	1000	ENST00000269141	NM_001792	ENST00000269141	NM_001792	Yes	No	1	Yes	No	No	No	No	No	No	CD325, CDHN, NCAD
CDH4	1002	ENST00000360469	NM_001794	ENST00000614565	NM_001794	Yes	No	1	Yes	No	No	No	No	No	No	
DDX4	54514	ENST00000505374	NM_024415.2	ENST00000505374	NM_024415.2	Yes	No	1	Yes	No	No	No	No	No	No	VASA
ECSIT	51295	ENST00000270517	NM_016581	ENST00000270517	NM_016581	Yes	No	1	Yes	No	No	No	No	No	No	SITPEC
FGF1	2246	ENST00000337706	NM_000800	ENST00000337706	NM_000800	Yes	No	1	Yes	No	No	No	No	No	No	AFGF, ECGF, ECGF-beta, ECGFA, ECGFB, FGF-alpha, FGFA, GLIO703, HBGF1
FGF2	2247					Yes	No	1	Yes	No	No	No	No	No	No	FGFB
FGF5	2250	ENST00000312465	NM_004464	ENST00000312465	NM_004464	Yes	No	1	Yes	No	No	No	No	No	No	
FOLH1	2346	ENST00000256999	NM_004476	ENST00000256999	NM_004476	Yes	No	1	Yes	No	No	No	No	No	No	FOLH, GCPII, NAALAD1, NAALAdase, PSM, PSMA
FOXN4	121643	ENST00000299162	NM_213596	ENST00000299162	NM_213596	Yes	No	1	Yes	No	No	No	No	No	No	
FSTL1	11167	ENST00000295633	NM_007085	ENST00000295633	NM_007085	Yes	No	1	Yes	No	No	No	No	No	No	FRP, FSL1, OCC-1, OCC1, tsc36
FZR1	51343	ENST00000395095	NM_001136198	ENST00000395095	NM_001136198	Yes	Yes	1	Yes	No	No	No	No	No	No	CDC20C, FZR, FZR2, HCDH, HCDH1, KIAA1242
HDAC2	3066	ENST00000519065	NM_001527.3	ENST00000519065	NM_001527.3	Yes	No	1	Yes	No	No	No	No	No	No	KDAC2, YAF1
HFE	3077	ENST00000357618	NM_000410	ENST00000357618	NM_000410	Yes	No	1	Yes	No	No	No	No	No	No	HFE1
ID1	3397	ENST00000376112	NM_002165	ENST00000376112	NM_002165	Yes	No	1	Yes	No	No	No	No	No	No	bHLHb24, dJ857M17.1.2
IQGAP1	8826	ENST00000268182	NM_003870	ENST00000268182	NM_003870	Yes	No	1	Yes	No	No	No	No	No	No	HUMORFA01, KIAA0051, p195
ITPKB	3707	ENST00000272117	NM_002221	ENST00000272117	NM_002221	Yes	No	1	Yes	No	No	No	No	No	No	IP3-3KB, IP3KB
KAT7	11143	ENST00000259021	NM_007067	ENST00000259021	NM_007067	Yes	No	1	Yes	No	No	No	No	No	No	HBO1, HBOA, MYST2, ZC2HC7
KDM5D	8284	ENST00000317961	NM_004653	ENST00000317961	NM_004653	Yes	Yes	1	Yes	No	No	No	No	No	No	HY, HYA, JARID1D, KIAA0234, SMCY
LGR5	8549	ENST00000266674	NM_003667	ENST00000266674	NM_003667	Yes	No	1	Yes	No	No	No	No	No	No	FEX, GPR49, GPR67, HG38
LRP5	4041	ENST00000294304	NM_001291902.1	ENST00000294304	NM_001291902.1	Yes	Yes	1	Yes	No	No	No	No	No	No	BMND1, EVR1, EVR4, LR3, LRP7, OPPG, OPS, OPTA1, VBCH2
LRP6	4040	ENST00000261349	NM_002336.2	ENST00000261349	NM_002336.2	Yes	No	1	Yes	No	No	No	No	No	No	ADCAD2
MAP3K21	84451	ENST00000366624	NM_032435	ENST00000366624	NM_032435	Yes	No	1	Yes	No	No	No	No	No	No	KIAA1804, MLK4
MAP4K4	9448	ENST00000347699	NM_001242559	ENST00000347699	NM_001242559	Yes	No	1	Yes	No	No	No	No	No	No	FLH21957, HGK, NIK
MEF2D	4209	ENST00000348159	NM_005920.3	ENST00000348159	NM_005920.3	Yes	No	1	Yes	No	No	No	No	No	No	
MYBL1	4603	ENST00000522677	NM_001080416	ENST00000522677	NM_001080416	Yes	No	1	Yes	No	No	No	No	No	No	A-myb, AMYB
NQO1	1728	ENST00000320623	NM_000903	ENST00000320623	NM_000903	Yes	No	1	Yes	No	No	No	No	No	No	DHQU, DIA4, NMOR1, QR1
ONECUT2	9480	ENST00000491143	NM_004852	ENST00000491143	NM_004852	Yes	No	1	Yes	No	No	No	No	No	No	OC-2
PHF19	26147	ENST00000373896	NM_015651	ENST00000373896	NM_015651	Yes	No	1	Yes	No	No	No	No	No	No	DKFZP727G051, MTF2L1, PCL3, TDRD19B
POU2F2	5452	ENST00000526816	NM_001207025	ENST00000526816	NM_001207025	Yes	No	1	Yes	No	No	No	No	No	No	OTF2
POU3F2	5454	ENST00000328345	NM_005604	ENST00000328345	NM_005604	Yes	No	1	Yes	No	No	No	No	No	No	BRN2, OCT7, OTF7, POUF3
POU3F4	5456	ENST00000373200	NM_000307	ENST00000644024	NM_000307	Yes	No	1	Yes	No	No	No	No	No	No	BRN4, DFN3, DFNX2, OTF9
PSMB2	5690	ENST00000373237	NM_002794	ENST00000373237	NM_002794	Yes	No	1	Yes	No	No	No	No	No	No	HC7-I
REV3L	5980	ENST00000358835	NM_002912	ENST00000358835	NM_002912	Yes	No	1	Yes	No	No	No	No	No	No	POLZ, REV3
RNASEH2A	10535	ENST00000221486	NM_006397	ENST00000221486	NM_006397	Yes	No	1	Yes	No	No	No	No	No	No	RNASEHI, RNHIA, RNHL
RPS15	6209	ENST00000592588	NM_001018	ENST00000593052	NM_001018	Yes	No	1	Yes	No	No	No	No	No	No	MGC111130, S15
SF3B2	10992	ENST00000322535	NM_006842	ENST00000322535	NM_006842	Yes	No	1	Yes	No	No	No	No	No	No	Cus1, SAP145, SF3b1, SF3b145
SFRP2	6423	ENST00000274063	NM_003013.2	ENST00000274063	NM_003013.2	Yes	Yes	1	Yes	No	No	No	No	No	No	FRP-2, SARP1, SDF-5
SLC9A3R1	9368	ENST00000262613	NM_004252	ENST00000262613	NM_004252	Yes	Yes	1	Yes	No	No	No	No	No	No	EBP50, NHERF, NHERF1
SQSTM1	8878	ENST00000389805	NM_003900	ENST00000389805	NM_003900	Yes	No	1	Yes	No	No	No	No	No	No	A170, OSIL, PDB3, p62B
SRP72	6731	ENST00000342756	NM_006947	ENST00000642900	NM_006947	Yes	No	1	Yes	No	No	No	No	No	No	
TCL1B	9623	ENST00000340722	NM_004918.3	ENST00000340722	NM_004918.3	Yes	No	1	Yes	No	No	No	No	No	No	TML1
TIGAR	57103	ENST00000179259	NM_020375	ENST00000179259	NM_020375	Yes	No	1	Yes	No	No	No	No	No	No	C12orf5
TNFSF13	8741	ENST00000338784	NM_003808	ENST00000338784	NM_003808	Yes	No	1	Yes	No	No	No	No	No	No	APRIL, CD256
TRIB3	57761	ENST00000217233	NM_001301188	ENST00000217233	NM_001301188	Yes	No	1	Yes	No	No	No	No	No	No	C20orf97, dJ1103G7.3
UBE2A	7319	ENST00000371558	NM_003336	ENST00000371558	NM_003336	Yes	No	1	Yes	No	No	No	No	No	No	HHR6A, HR6A, RAD6A, UBC2
WWP1	11059	ENST00000265428	NM_007013.3	ENST00000265428	NM_007013.3	Yes	No	1	Yes	No	No	No	No	No	No	AIP5, DKFZP434D2111
YY1	7528	ENST00000262238	NM_003403.4	ENST00000262238	NM_003403.4	Yes	No	1	Yes	No	No	No	No	No	No	INO80S, UCRBP, YIN-YANG-1
ZBTB20	26137	ENST00000474710	NM_001164342.2	ENST00000474710	NM_001164342.2	Yes	Yes	1	Yes	No	No	No	No	No	No	DKFZp566F123, DPZF, ODA-8S, ZNF288
